TBBmalloc: skip allocation functions replacement in ucrtbase.dll: unknown prologue for function _msize
Info: *******************************************************************
Info: Running Quartus Prime Shell
    Info: Version 21.1.1 Build 850 06/23/2022 SJ Lite Edition
    Info: Copyright (C) 2022  Intel Corporation. All rights reserved.
    Info: Your use of Intel Corporation's design tools, logic functions 
    Info: and other software and tools, and any partner logic 
    Info: functions, and any output files from any of the foregoing 
    Info: (including device programming or simulation files), and any 
    Info: associated documentation or information are expressly subject 
    Info: to the terms and conditions of the Intel Program License 
    Info: Subscription Agreement, the Intel Quartus Prime License Agreement,
    Info: the Intel FPGA IP License Agreement, or other applicable license
    Info: agreement, including, without limitation, that your use is for
    Info: the sole purpose of programming logic devices manufactured by
    Info: Intel and sold by Intel or its authorized distributors.  Please
    Info: refer to the applicable agreement for further details, at
    Info: https://fpgasoftware.intel.com/eula.
    Info: Processing started: Fri Sep  4 10:44:03 2026
Info: Command: quartus_sh -t generate.tcl paprium 5
Info: Quartus(args): paprium 5
Info: paprium: area-optimised fitter settings applied
Info: fitter seed 5 (this run only - not written to the qsf)
Info: *******************************************************************
Info: Running Quartus Prime Shell
    Info: Version 21.1.1 Build 850 06/23/2022 SJ Lite Edition
    Info: Processing started: Fri Sep  4 10:44:04 2026
Info: Command: quartus_sh -t ../platform/pocket/build_id_gen.tcl compile megadrive_pocket megadrive_pocket
Info: Quartus(args): compile megadrive_pocket megadrive_pocket
Info: APF core build date/time generated: C:/Users/Profe/Downloads/PAPRIUM project/paprium-pocket/projects/../platform/pocket/build_id.mif
Info (23030): Evaluation of Tcl script ../platform/pocket/build_id_gen.tcl was successful
Info: Quartus Prime Shell was successful. 0 errors, 0 warnings
    Info: Peak virtual memory: 4770 megabytes
    Info: Processing ended: Fri Sep  4 10:44:04 2026
    Info: Elapsed time: 00:00:00
    Info: Total CPU time (on all processors): 00:00:00
Info: *******************************************************************
Info: Running Quartus Prime Analysis & Synthesis
    Info: Version 21.1.1 Build 850 06/23/2022 SJ Lite Edition
    Info: Processing started: Fri Sep  4 10:44:05 2026
Info: Command: quartus_map --read_settings_files=on --write_settings_files=off megadrive_pocket -c megadrive_pocket
Info (16303): Aggressive Area optimization mode selected -- logic area will be prioritized at the potential cost of reduced timing performance
Info (20030): Parallel compilation is enabled and will use 6 of the 6 processors detected
Info (12021): Found 1 design units, including 1 entities, in source file /users/profe/downloads/paprium project/paprium-pocket/platform/pocket/apf_top.v
    Info (12023): Found entity 1: apf_top File: C:/Users/Profe/Downloads/PAPRIUM project/paprium-pocket/platform/pocket/apf_top.v Line: 44
Info (12021): Found 4 design units, including 4 entities, in source file /users/profe/downloads/paprium project/paprium-pocket/platform/pocket/common.v
    Info (12023): Found entity 1: synch_2 File: C:/Users/Profe/Downloads/PAPRIUM project/paprium-pocket/platform/pocket/common.v Line: 39
    Info (12023): Found entity 2: synch_3 File: C:/Users/Profe/Downloads/PAPRIUM project/paprium-pocket/platform/pocket/common.v Line: 62
    Info (12023): Found entity 3: bram_block_dp File: C:/Users/Profe/Downloads/PAPRIUM project/paprium-pocket/platform/pocket/common.v Line: 82
    Info (12023): Found entity 4: bram_block_dp_nonstd File: C:/Users/Profe/Downloads/PAPRIUM project/paprium-pocket/platform/pocket/common.v Line: 120
Info (12021): Found 1 design units, including 1 entities, in source file /users/profe/downloads/paprium project/paprium-pocket/platform/pocket/io_bridge_peripheral.v
    Info (12023): Found entity 1: io_bridge_peripheral File: C:/Users/Profe/Downloads/PAPRIUM project/paprium-pocket/platform/pocket/io_bridge_peripheral.v Line: 52
Info (12021): Found 1 design units, including 1 entities, in source file /users/profe/downloads/paprium project/paprium-pocket/platform/pocket/io_pad_controller.v
    Info (12023): Found entity 1: io_pad_controller File: C:/Users/Profe/Downloads/PAPRIUM project/paprium-pocket/platform/pocket/io_pad_controller.v Line: 41
Info (12021): Found 1 design units, including 1 entities, in source file /users/profe/downloads/paprium project/paprium-pocket/platform/pocket/mf_ddio_bidir_12.v
    Info (12023): Found entity 1: mf_ddio_bidir_12 File: C:/Users/Profe/Downloads/PAPRIUM project/paprium-pocket/platform/pocket/mf_ddio_bidir_12.v Line: 40
Info (12021): Found 1 design units, including 1 entities, in source file /users/profe/downloads/paprium project/paprium-pocket/platform/pocket/mf_datatable.v
    Info (12023): Found entity 1: mf_datatable File: C:/Users/Profe/Downloads/PAPRIUM project/paprium-pocket/platform/pocket/mf_datatable.v Line: 40
Info (12021): Found 1 design units, including 1 entities, in source file /users/profe/downloads/paprium project/paprium-pocket/target/pocket/core_top.sv
    Info (12023): Found entity 1: core_top File: C:/Users/Profe/Downloads/PAPRIUM project/paprium-pocket/target/pocket/core_top.sv Line: 18
Info (12021): Found 2 design units, including 2 entities, in source file /users/profe/downloads/paprium project/paprium-pocket/target/pocket/video_cleaner.sv
    Info (12023): Found entity 1: video_cleaner File: C:/Users/Profe/Downloads/PAPRIUM project/paprium-pocket/target/pocket/video_cleaner.sv Line: 15
    Info (12023): Found entity 2: s_fix File: C:/Users/Profe/Downloads/PAPRIUM project/paprium-pocket/target/pocket/video_cleaner.sv Line: 84
Info (12021): Found 1 design units, including 1 entities, in source file /users/profe/downloads/paprium project/paprium-pocket/target/pocket/core_bridge_cmd.v
    Info (12023): Found entity 1: core_bridge_cmd File: C:/Users/Profe/Downloads/PAPRIUM project/paprium-pocket/target/pocket/core_bridge_cmd.v Line: 21
Info (12021): Found 1 design units, including 1 entities, in source file /users/profe/downloads/paprium project/paprium-pocket/target/pocket/data_loader.sv
    Info (12023): Found entity 1: data_loader File: C:/Users/Profe/Downloads/PAPRIUM project/paprium-pocket/target/pocket/data_loader.sv Line: 31
Info (12021): Found 1 design units, including 1 entities, in source file /users/profe/downloads/paprium project/paprium-pocket/target/pocket/data_unloader.sv
    Info (12023): Found entity 1: data_unloader File: C:/Users/Profe/Downloads/PAPRIUM project/paprium-pocket/target/pocket/data_unloader.sv Line: 31
Info (12021): Found 1 design units, including 1 entities, in source file /users/profe/downloads/paprium project/paprium-pocket/target/pocket/sound_i2s.sv
    Info (12023): Found entity 1: sound_i2s File: C:/Users/Profe/Downloads/PAPRIUM project/paprium-pocket/target/pocket/sound_i2s.sv Line: 30
Info (12021): Found 1 design units, including 1 entities, in source file /users/profe/downloads/paprium project/paprium-pocket/target/pocket/sync_fifo.sv
    Info (12023): Found entity 1: sync_fifo File: C:/Users/Profe/Downloads/PAPRIUM project/paprium-pocket/target/pocket/sync_fifo.sv Line: 29
Info (12021): Found 1 design units, including 1 entities, in source file /users/profe/downloads/paprium project/paprium-pocket/target/pocket/audio/audio_mixer.sv
    Info (12023): Found entity 1: audio_mixer File: C:/Users/Profe/Downloads/PAPRIUM project/paprium-pocket/target/pocket/audio/audio_mixer.sv Line: 35
Info (12021): Found 1 design units, including 1 entities, in source file /users/profe/downloads/paprium project/paprium-pocket/target/pocket/audio/filters/audio_filters.sv
    Info (12023): Found entity 1: audio_filters File: C:/Users/Profe/Downloads/PAPRIUM project/paprium-pocket/target/pocket/audio/filters/audio_filters.sv Line: 31
Info (12021): Found 1 design units, including 1 entities, in source file /users/profe/downloads/paprium project/paprium-pocket/target/pocket/audio/filters/audio_mix.sv
    Info (12023): Found entity 1: audio_mix File: C:/Users/Profe/Downloads/PAPRIUM project/paprium-pocket/target/pocket/audio/filters/audio_mix.sv Line: 31
Info (12021): Found 1 design units, including 1 entities, in source file /users/profe/downloads/paprium project/paprium-pocket/target/pocket/audio/filters/dc_blocker.sv
    Info (12023): Found entity 1: dc_blocker File: C:/Users/Profe/Downloads/PAPRIUM project/paprium-pocket/target/pocket/audio/filters/dc_blocker.sv Line: 38
Info (12021): Found 1 design units, including 1 entities, in source file /users/profe/downloads/paprium project/paprium-pocket/target/pocket/audio/filters/filter_loader.sv
    Info (12023): Found entity 1: filter_loader File: C:/Users/Profe/Downloads/PAPRIUM project/paprium-pocket/target/pocket/audio/filters/filter_loader.sv Line: 35
Info (12021): Found 1 design units, including 1 entities, in source file /users/profe/downloads/paprium project/paprium-pocket/target/pocket/audio/filters/filters_rom.sv
    Info (12023): Found entity 1: filters_rom File: C:/Users/Profe/Downloads/PAPRIUM project/paprium-pocket/target/pocket/audio/filters/filters_rom.sv Line: 35
Info (12021): Found 1 design units, including 1 entities, in source file /users/profe/downloads/paprium project/paprium-pocket/target/pocket/audio/filters/iir_filter_tap.sv
    Info (12023): Found entity 1: iir_filter_tap File: C:/Users/Profe/Downloads/PAPRIUM project/paprium-pocket/target/pocket/audio/filters/iir_filter_tap.sv Line: 43
Info (12021): Found 1 design units, including 1 entities, in source file /users/profe/downloads/paprium project/paprium-pocket/target/pocket/audio/filters/iir_filter.sv
    Info (12023): Found entity 1: iir_filter File: C:/Users/Profe/Downloads/PAPRIUM project/paprium-pocket/target/pocket/audio/filters/iir_filter.sv Line: 39
Info (12021): Found 1 design units, including 1 entities, in source file /users/profe/downloads/paprium project/paprium-pocket/target/pocket/mf_audio_pll.v
    Info (12023): Found entity 1: mf_audio_pll File: C:/Users/Profe/Downloads/PAPRIUM project/paprium-pocket/target/pocket/mf_audio_pll.v Line: 8
Info (12021): Found 1 design units, including 1 entities, in source file /users/profe/downloads/paprium project/paprium-pocket/target/pocket/mf_audio_pll/mf_audio_pll_0002.v
    Info (12023): Found entity 1: mf_audio_pll_0002 File: C:/Users/Profe/Downloads/PAPRIUM project/paprium-pocket/target/pocket/mf_audio_pll/mf_audio_pll_0002.v Line: 2
Info (12021): Found 1 design units, including 1 entities, in source file /users/profe/downloads/paprium project/paprium-pocket/target/pocket/mf_pllbase/mf_pllbase.v
    Info (12023): Found entity 1: mf_pllbase File: C:/Users/Profe/Downloads/PAPRIUM project/paprium-pocket/target/pocket/mf_pllbase/mf_pllbase.v Line: 2
Info (12021): Found 1 design units, including 1 entities, in source file /users/profe/downloads/paprium project/paprium-pocket/target/pocket/mf_pllbase_pal.v
    Info (12023): Found entity 1: mf_pllbase_pal File: C:/Users/Profe/Downloads/PAPRIUM project/paprium-pocket/target/pocket/mf_pllbase_pal.v Line: 6
Info (12021): Found 1 design units, including 1 entities, in source file /users/profe/downloads/paprium project/paprium-pocket/rtl/upstream/nuked-md/tmss.v
    Info (12023): Found entity 1: tmss File: C:/Users/Profe/Downloads/PAPRIUM project/paprium-pocket/rtl/upstream/nuked-md/tmss.v Line: 25
Info (12021): Found 1 design units, including 1 entities, in source file /users/profe/downloads/paprium project/paprium-pocket/rtl/upstream/nuked-md/vram.v
    Info (12023): Found entity 1: vram File: C:/Users/Profe/Downloads/PAPRIUM project/paprium-pocket/rtl/upstream/nuked-md/vram.v Line: 1
Info (12021): Found 23 design units, including 23 entities, in source file /users/profe/downloads/paprium project/paprium-pocket/rtl/upstream/nuked-md/ym_lib.v
    Info (12023): Found entity 1: ym_sr_bit File: C:/Users/Profe/Downloads/PAPRIUM project/paprium-pocket/rtl/upstream/nuked-md/ym_lib.v Line: 3
    Info (12023): Found entity 2: ym_sr_bit_array File: C:/Users/Profe/Downloads/PAPRIUM project/paprium-pocket/rtl/upstream/nuked-md/ym_lib.v Line: 85
    Info (12023): Found entity 3: ym_cnt_bit File: C:/Users/Profe/Downloads/PAPRIUM project/paprium-pocket/rtl/upstream/nuked-md/ym_lib.v Line: 114
    Info (12023): Found entity 4: ym_dlatch_1 File: C:/Users/Profe/Downloads/PAPRIUM project/paprium-pocket/rtl/upstream/nuked-md/ym_lib.v Line: 176
    Info (12023): Found entity 5: ym_dlatch_2 File: C:/Users/Profe/Downloads/PAPRIUM project/paprium-pocket/rtl/upstream/nuked-md/ym_lib.v Line: 223
    Info (12023): Found entity 6: ym_edge_detect File: C:/Users/Profe/Downloads/PAPRIUM project/paprium-pocket/rtl/upstream/nuked-md/ym_lib.v Line: 270
    Info (12023): Found entity 7: ym_slatch File: C:/Users/Profe/Downloads/PAPRIUM project/paprium-pocket/rtl/upstream/nuked-md/ym_lib.v Line: 309
    Info (12023): Found entity 8: ym_slatch_t File: C:/Users/Profe/Downloads/PAPRIUM project/paprium-pocket/rtl/upstream/nuked-md/ym_lib.v Line: 381
    Info (12023): Found entity 9: ym_rs_trig File: C:/Users/Profe/Downloads/PAPRIUM project/paprium-pocket/rtl/upstream/nuked-md/ym_lib.v Line: 426
    Info (12023): Found entity 10: ym_rs_trig_sync File: C:/Users/Profe/Downloads/PAPRIUM project/paprium-pocket/rtl/upstream/nuked-md/ym_lib.v Line: 457
    Info (12023): Found entity 11: ym_cnt_bit_load File: C:/Users/Profe/Downloads/PAPRIUM project/paprium-pocket/rtl/upstream/nuked-md/ym_lib.v Line: 490
    Info (12023): Found entity 12: ym_dbg_read File: C:/Users/Profe/Downloads/PAPRIUM project/paprium-pocket/rtl/upstream/nuked-md/ym_lib.v Line: 525
    Info (12023): Found entity 13: ym_dbg_read_eg File: C:/Users/Profe/Downloads/PAPRIUM project/paprium-pocket/rtl/upstream/nuked-md/ym_lib.v Line: 563
    Info (12023): Found entity 14: ym_slatch_r File: C:/Users/Profe/Downloads/PAPRIUM project/paprium-pocket/rtl/upstream/nuked-md/ym_lib.v Line: 601
    Info (12023): Found entity 15: ym_cnt_bit_rs File: C:/Users/Profe/Downloads/PAPRIUM project/paprium-pocket/rtl/upstream/nuked-md/ym_lib.v Line: 652
    Info (12023): Found entity 16: ym_cnt_bit_rev File: C:/Users/Profe/Downloads/PAPRIUM project/paprium-pocket/rtl/upstream/nuked-md/ym_lib.v Line: 687
    Info (12023): Found entity 17: ym_sr_bit_en File: C:/Users/Profe/Downloads/PAPRIUM project/paprium-pocket/rtl/upstream/nuked-md/ym_lib.v Line: 719
    Info (12023): Found entity 18: ym_scnt_bit File: C:/Users/Profe/Downloads/PAPRIUM project/paprium-pocket/rtl/upstream/nuked-md/ym_lib.v Line: 749
    Info (12023): Found entity 19: ym_sdff File: C:/Users/Profe/Downloads/PAPRIUM project/paprium-pocket/rtl/upstream/nuked-md/ym_lib.v Line: 790
    Info (12023): Found entity 20: ym_sdffs File: C:/Users/Profe/Downloads/PAPRIUM project/paprium-pocket/rtl/upstream/nuked-md/ym_lib.v Line: 815
    Info (12023): Found entity 21: ym_sdffr File: C:/Users/Profe/Downloads/PAPRIUM project/paprium-pocket/rtl/upstream/nuked-md/ym_lib.v Line: 845
    Info (12023): Found entity 22: ym_sdffsr File: C:/Users/Profe/Downloads/PAPRIUM project/paprium-pocket/rtl/upstream/nuked-md/ym_lib.v Line: 875
    Info (12023): Found entity 23: ym_delaychain File: C:/Users/Profe/Downloads/PAPRIUM project/paprium-pocket/rtl/upstream/nuked-md/ym_lib.v Line: 910
Info (12021): Found 1 design units, including 1 entities, in source file /users/profe/downloads/paprium project/paprium-pocket/rtl/upstream/nuked-md/ym3438_ch.v
    Info (12023): Found entity 1: ym3438_ch File: C:/Users/Profe/Downloads/PAPRIUM project/paprium-pocket/rtl/upstream/nuked-md/ym3438_ch.v Line: 1
Info (12021): Found 1 design units, including 1 entities, in source file /users/profe/downloads/paprium project/paprium-pocket/rtl/upstream/nuked-md/ym3438_detune.v
    Info (12023): Found entity 1: ym3438_detune File: C:/Users/Profe/Downloads/PAPRIUM project/paprium-pocket/rtl/upstream/nuked-md/ym3438_detune.v Line: 1
Info (12021): Found 1 design units, including 1 entities, in source file /users/profe/downloads/paprium project/paprium-pocket/rtl/upstream/nuked-md/ym3438_eg.v
    Info (12023): Found entity 1: ym3438_eg File: C:/Users/Profe/Downloads/PAPRIUM project/paprium-pocket/rtl/upstream/nuked-md/ym3438_eg.v Line: 1
Info (12021): Found 1 design units, including 1 entities, in source file /users/profe/downloads/paprium project/paprium-pocket/rtl/upstream/nuked-md/ym3438_fsm.v
    Info (12023): Found entity 1: ym3438_fsm File: C:/Users/Profe/Downloads/PAPRIUM project/paprium-pocket/rtl/upstream/nuked-md/ym3438_fsm.v Line: 1
Info (12021): Found 1 design units, including 1 entities, in source file /users/profe/downloads/paprium project/paprium-pocket/rtl/upstream/nuked-md/ym3438_io.v
    Info (12023): Found entity 1: ym3438_io File: C:/Users/Profe/Downloads/PAPRIUM project/paprium-pocket/rtl/upstream/nuked-md/ym3438_io.v Line: 1
Info (12021): Found 1 design units, including 1 entities, in source file /users/profe/downloads/paprium project/paprium-pocket/rtl/upstream/nuked-md/ym3438_lfo.v
    Info (12023): Found entity 1: ym3438_lfo File: C:/Users/Profe/Downloads/PAPRIUM project/paprium-pocket/rtl/upstream/nuked-md/ym3438_lfo.v Line: 1
Info (12021): Found 1 design units, including 1 entities, in source file /users/profe/downloads/paprium project/paprium-pocket/rtl/upstream/nuked-md/ym3438_op.v
    Info (12023): Found entity 1: ym3438_op File: C:/Users/Profe/Downloads/PAPRIUM project/paprium-pocket/rtl/upstream/nuked-md/ym3438_op.v Line: 1
Info (12021): Found 1 design units, including 1 entities, in source file /users/profe/downloads/paprium project/paprium-pocket/rtl/upstream/nuked-md/ym3438_pg.v
    Info (12023): Found entity 1: ym3438_pg File: C:/Users/Profe/Downloads/PAPRIUM project/paprium-pocket/rtl/upstream/nuked-md/ym3438_pg.v Line: 1
Info (12021): Found 1 design units, including 1 entities, in source file /users/profe/downloads/paprium project/paprium-pocket/rtl/upstream/nuked-md/ym3438_prescaler.v
    Info (12023): Found entity 1: ym3438_prescaler File: C:/Users/Profe/Downloads/PAPRIUM project/paprium-pocket/rtl/upstream/nuked-md/ym3438_prescaler.v Line: 1
Info (12021): Found 5 design units, including 5 entities, in source file /users/profe/downloads/paprium project/paprium-pocket/rtl/upstream/nuked-md/ym3438_regs.v
    Info (12023): Found entity 1: ym3438_reg_ctrl File: C:/Users/Profe/Downloads/PAPRIUM project/paprium-pocket/rtl/upstream/nuked-md/ym3438_regs.v Line: 1
    Info (12023): Found entity 2: ym3438_op_register File: C:/Users/Profe/Downloads/PAPRIUM project/paprium-pocket/rtl/upstream/nuked-md/ym3438_regs.v Line: 1138
    Info (12023): Found entity 3: ym3438_ch_register File: C:/Users/Profe/Downloads/PAPRIUM project/paprium-pocket/rtl/upstream/nuked-md/ym3438_regs.v Line: 1183
    Info (12023): Found entity 4: ym3438_reg_wr_ctrl File: C:/Users/Profe/Downloads/PAPRIUM project/paprium-pocket/rtl/upstream/nuked-md/ym3438_regs.v Line: 1266
    Info (12023): Found entity 5: ym3438_reg_data File: C:/Users/Profe/Downloads/PAPRIUM project/paprium-pocket/rtl/upstream/nuked-md/ym3438_regs.v Line: 1297
Info (12021): Found 1 design units, including 1 entities, in source file /users/profe/downloads/paprium project/paprium-pocket/rtl/upstream/nuked-md/ym3438.v
    Info (12023): Found entity 1: ym3438 File: C:/Users/Profe/Downloads/PAPRIUM project/paprium-pocket/rtl/upstream/nuked-md/ym3438.v Line: 26
Info (12021): Found 1 design units, including 1 entities, in source file /users/profe/downloads/paprium project/paprium-pocket/rtl/upstream/nuked-md/ym6045.v
    Info (12023): Found entity 1: ym6045 File: C:/Users/Profe/Downloads/PAPRIUM project/paprium-pocket/rtl/upstream/nuked-md/ym6045.v Line: 24
Info (12021): Found 2 design units, including 2 entities, in source file /users/profe/downloads/paprium project/paprium-pocket/rtl/upstream/nuked-md/ym6046.v
    Info (12023): Found entity 1: ym6046 File: C:/Users/Profe/Downloads/PAPRIUM project/paprium-pocket/rtl/upstream/nuked-md/ym6046.v Line: 25
    Info (12023): Found entity 2: ym6046_controller_port File: C:/Users/Profe/Downloads/PAPRIUM project/paprium-pocket/rtl/upstream/nuked-md/ym6046.v Line: 369
Info (12021): Found 3 design units, including 3 entities, in source file /users/profe/downloads/paprium project/paprium-pocket/rtl/upstream/nuked-md/ym7101.v
    Info (12023): Found entity 1: ym7101 File: C:/Users/Profe/Downloads/PAPRIUM project/paprium-pocket/rtl/upstream/nuked-md/ym7101.v Line: 29
    Info (12023): Found entity 2: ym7101_rs_trig File: C:/Users/Profe/Downloads/PAPRIUM project/paprium-pocket/rtl/upstream/nuked-md/ym7101.v Line: 7243
    Info (12023): Found entity 3: ym7101_dff File: C:/Users/Profe/Downloads/PAPRIUM project/paprium-pocket/rtl/upstream/nuked-md/ym7101.v Line: 7282
Info (12021): Found 4 design units, including 4 entities, in source file /users/profe/downloads/paprium project/paprium-pocket/rtl/upstream/nuked-md/z80.v
    Info (12023): Found entity 1: z80cpu File: C:/Users/Profe/Downloads/PAPRIUM project/paprium-pocket/rtl/upstream/nuked-md/z80.v Line: 28
    Info (12023): Found entity 2: z80_dlatch File: C:/Users/Profe/Downloads/PAPRIUM project/paprium-pocket/rtl/upstream/nuked-md/z80.v Line: 4029
    Info (12023): Found entity 3: z80_rs_trig_nor File: C:/Users/Profe/Downloads/PAPRIUM project/paprium-pocket/rtl/upstream/nuked-md/z80.v Line: 4045
    Info (12023): Found entity 4: z80_rs_trig_nand File: C:/Users/Profe/Downloads/PAPRIUM project/paprium-pocket/rtl/upstream/nuked-md/z80.v Line: 4069
Info (12021): Found 1 design units, including 1 entities, in source file /users/profe/downloads/paprium project/paprium-pocket/rtl/upstream/nuked-md/68k.v
    Info (12023): Found entity 1: m68kcpu File: C:/Users/Profe/Downloads/PAPRIUM project/paprium-pocket/rtl/upstream/nuked-md/68k.v Line: 26
Info (12021): Found 1 design units, including 1 entities, in source file /users/profe/downloads/paprium project/paprium-pocket/rtl/upstream/nuked-md/fc1004.v
    Info (12023): Found entity 1: fc1004 File: C:/Users/Profe/Downloads/PAPRIUM project/paprium-pocket/rtl/upstream/nuked-md/fc1004.v Line: 27
Info (12021): Found 1 design units, including 1 entities, in source file /users/profe/downloads/paprium project/paprium-pocket/rtl/upstream/nuked-md/md_board.v
    Info (12023): Found entity 1: md_board File: C:/Users/Profe/Downloads/PAPRIUM project/paprium-pocket/rtl/upstream/nuked-md/md_board.v Line: 28
Info (12021): Found 2 design units, including 1 entities, in source file /users/profe/downloads/paprium project/paprium-pocket/rtl/upstream/svp/mlab.vhd
    Info (12022): Found design unit 1: mlab-SYN File: C:/Users/Profe/Downloads/PAPRIUM project/paprium-pocket/rtl/upstream/SVP/mlab.vhd Line: 24
    Info (12023): Found entity 1: mlab File: C:/Users/Profe/Downloads/PAPRIUM project/paprium-pocket/rtl/upstream/SVP/mlab.vhd Line: 7
Info (12021): Found 2 design units, including 1 entities, in source file /users/profe/downloads/paprium project/paprium-pocket/rtl/upstream/svp/ssp160x.vhd
    Info (12022): Found design unit 1: SSP160x-rtl File: C:/Users/Profe/Downloads/PAPRIUM project/paprium-pocket/rtl/upstream/SVP/SSP160x.vhd Line: 38
    Info (12023): Found entity 1: SSP160x File: C:/Users/Profe/Downloads/PAPRIUM project/paprium-pocket/rtl/upstream/SVP/SSP160x.vhd Line: 11
Info (12021): Found 2 design units, including 0 entities, in source file /users/profe/downloads/paprium project/paprium-pocket/rtl/upstream/svp/ssp160x_pkg.vhd
    Info (12022): Found design unit 1: SSP160x_PKG File: C:/Users/Profe/Downloads/PAPRIUM project/paprium-pocket/rtl/upstream/SVP/SSP160x_PKG.vhd Line: 6
    Info (12022): Found design unit 2: SSP160x_PKG-body File: C:/Users/Profe/Downloads/PAPRIUM project/paprium-pocket/rtl/upstream/SVP/SSP160x_PKG.vhd Line: 78
Info (12021): Found 2 design units, including 1 entities, in source file /users/profe/downloads/paprium project/paprium-pocket/rtl/upstream/svp/svp.vhd
    Info (12022): Found design unit 1: SVP-rtl File: C:/Users/Profe/Downloads/PAPRIUM project/paprium-pocket/rtl/upstream/SVP/SVP.vhd Line: 36
    Info (12023): Found entity 1: SVP File: C:/Users/Profe/Downloads/PAPRIUM project/paprium-pocket/rtl/upstream/SVP/SVP.vhd Line: 9
Info (12021): Found 1 design units, including 1 entities, in source file /users/profe/downloads/paprium project/paprium-pocket/rtl/cartridge.sv
    Info (12023): Found entity 1: cartridge File: C:/Users/Profe/Downloads/PAPRIUM project/paprium-pocket/rtl/cartridge.sv Line: 26
Info (12021): Found 1 design units, including 1 entities, in source file /users/profe/downloads/paprium project/paprium-pocket/rtl/scanline_filler.sv
    Info (12023): Found entity 1: scanline_filler File: C:/Users/Profe/Downloads/PAPRIUM project/paprium-pocket/rtl/scanline_filler.sv Line: 4
Info (12021): Found 10 design units, including 5 entities, in source file /users/profe/downloads/paprium project/paprium-pocket/rtl/upstream/bram.vhd
    Info (12022): Found design unit 1: spram-SYN File: C:/Users/Profe/Downloads/PAPRIUM project/paprium-pocket/rtl/upstream/bram.vhd Line: 32
    Info (12022): Found design unit 2: spram_sz-SYN File: C:/Users/Profe/Downloads/PAPRIUM project/paprium-pocket/rtl/upstream/bram.vhd Line: 71
    Info (12022): Found design unit 3: dpram-SYN File: C:/Users/Profe/Downloads/PAPRIUM project/paprium-pocket/rtl/upstream/bram.vhd Line: 143
    Info (12022): Found design unit 4: dpram_dif-SYN File: C:/Users/Profe/Downloads/PAPRIUM project/paprium-pocket/rtl/upstream/bram.vhd Line: 189
    Info (12022): Found design unit 5: dpram_difclk-SYN File: C:/Users/Profe/Downloads/PAPRIUM project/paprium-pocket/rtl/upstream/bram.vhd Line: 287
    Info (12023): Found entity 1: spram File: C:/Users/Profe/Downloads/PAPRIUM project/paprium-pocket/rtl/upstream/bram.vhd Line: 11
    Info (12023): Found entity 2: spram_sz File: C:/Users/Profe/Downloads/PAPRIUM project/paprium-pocket/rtl/upstream/bram.vhd Line: 50
    Info (12023): Found entity 3: dpram File: C:/Users/Profe/Downloads/PAPRIUM project/paprium-pocket/rtl/upstream/bram.vhd Line: 114
    Info (12023): Found entity 4: dpram_dif File: C:/Users/Profe/Downloads/PAPRIUM project/paprium-pocket/rtl/upstream/bram.vhd Line: 158
    Info (12023): Found entity 5: dpram_difclk File: C:/Users/Profe/Downloads/PAPRIUM project/paprium-pocket/rtl/upstream/bram.vhd Line: 256
Info (12021): Found 1 design units, including 1 entities, in source file /users/profe/downloads/paprium project/paprium-pocket/rtl/upstream/ram_md.v
    Info (12023): Found entity 1: vram_ip File: C:/Users/Profe/Downloads/PAPRIUM project/paprium-pocket/rtl/upstream/ram_md.v Line: 2
Info (12021): Found 1 design units, including 1 entities, in source file /users/profe/downloads/paprium project/paprium-pocket/rtl/sdram.sv
    Info (12023): Found entity 1: sdram File: C:/Users/Profe/Downloads/PAPRIUM project/paprium-pocket/rtl/sdram.sv Line: 21
Info (12021): Found 1 design units, including 1 entities, in source file /users/profe/downloads/paprium project/paprium-pocket/rtl/upstream/eeprom_24cxx.sv
    Info (12023): Found entity 1: EPPROM_24CXX File: C:/Users/Profe/Downloads/PAPRIUM project/paprium-pocket/rtl/upstream/EEPROM_24CXX.sv Line: 1
Info (12021): Found 1 design units, including 1 entities, in source file /users/profe/downloads/paprium project/paprium-pocket/rtl/upstream/video_cond.sv
    Info (12023): Found entity 1: video_cond File: C:/Users/Profe/Downloads/PAPRIUM project/paprium-pocket/rtl/upstream/video_cond.sv Line: 20
Info (12021): Found 1 design units, including 1 entities, in source file /users/profe/downloads/paprium project/paprium-pocket/rtl/upstream/cofi.sv
    Info (12023): Found entity 1: cofi File: C:/Users/Profe/Downloads/PAPRIUM project/paprium-pocket/rtl/upstream/cofi.sv Line: 3
Info (12021): Found 1 design units, including 1 entities, in source file /users/profe/downloads/paprium project/paprium-pocket/rtl/upstream/pad_io.sv
    Info (12023): Found entity 1: pad_io File: C:/Users/Profe/Downloads/PAPRIUM project/paprium-pocket/rtl/upstream/pad_io.sv Line: 20
Info (12021): Found 1 design units, including 1 entities, in source file /users/profe/downloads/paprium project/paprium-pocket/rtl/upstream/audio_cond.sv
    Info (12023): Found entity 1: audio_cond File: C:/Users/Profe/Downloads/PAPRIUM project/paprium-pocket/rtl/upstream/audio_cond.sv Line: 20
Info (12021): Found 2 design units, including 2 entities, in source file /users/profe/downloads/paprium project/paprium-pocket/rtl/upstream/genesis_lpf.v
    Info (12023): Found entity 1: genesis_lpf File: C:/Users/Profe/Downloads/PAPRIUM project/paprium-pocket/rtl/upstream/genesis_lpf.v Line: 27
    Info (12023): Found entity 2: genesis_fm_lpf File: C:/Users/Profe/Downloads/PAPRIUM project/paprium-pocket/rtl/upstream/genesis_lpf.v Line: 84
Info (12021): Found 2 design units, including 2 entities, in source file /users/profe/downloads/paprium project/paprium-pocket/rtl/upstream/audio_iir_filter.v
    Info (12023): Found entity 1: iir_1st_order File: C:/Users/Profe/Downloads/PAPRIUM project/paprium-pocket/rtl/upstream/audio_iir_filter.v Line: 23
    Info (12023): Found entity 2: iir_2nd_order File: C:/Users/Profe/Downloads/PAPRIUM project/paprium-pocket/rtl/upstream/audio_iir_filter.v Line: 95
Info (12021): Found 2 design units, including 1 entities, in source file /users/profe/downloads/paprium project/paprium-pocket/rtl/upstream/cegen.vhd
    Info (12022): Found design unit 1: CEGen-SYN File: C:/Users/Profe/Downloads/PAPRIUM project/paprium-pocket/rtl/upstream/CEGen.vhd Line: 17
    Info (12023): Found entity 1: CEGen File: C:/Users/Profe/Downloads/PAPRIUM project/paprium-pocket/rtl/upstream/CEGen.vhd Line: 4
Info (12021): Found 0 design units, including 0 entities, in source file /users/profe/downloads/paprium project/paprium-pocket/rtl/paprium/paprium_defs.sv
Info (12021): Found 0 design units, including 0 entities, in source file /users/profe/downloads/paprium project/paprium-pocket/rtl/paprium/structs.sv
Info (12021): Found 3 design units, including 3 entities, in source file /users/profe/downloads/paprium project/paprium-pocket/rtl/paprium/memory.sv
    Info (12023): Found entity 1: ram_dp8 File: C:/Users/Profe/Downloads/PAPRIUM project/paprium-pocket/rtl/PAPRIUM/memory.sv Line: 3
    Info (12023): Found entity 2: ram_dp16 File: C:/Users/Profe/Downloads/PAPRIUM project/paprium-pocket/rtl/PAPRIUM/memory.sv Line: 51
    Info (12023): Found entity 3: paprium_wram File: C:/Users/Profe/Downloads/PAPRIUM project/paprium-pocket/rtl/PAPRIUM/memory.sv Line: 118
Info (12021): Found 2 design units, including 2 entities, in source file /users/profe/downloads/paprium project/paprium-pocket/rtl/paprium/audio_clock.sv
    Info (12023): Found entity 1: clk_dvp File: C:/Users/Profe/Downloads/PAPRIUM project/paprium-pocket/rtl/PAPRIUM/audio_clock.sv Line: 5
    Info (12023): Found entity 2: dac_clocker File: C:/Users/Profe/Downloads/PAPRIUM project/paprium-pocket/rtl/PAPRIUM/audio_clock.sv Line: 39
Info (12021): Found 7 design units, including 7 entities, in source file /users/profe/downloads/paprium project/paprium-pocket/rtl/paprium/audio_sfx.sv
    Info (12023): Found entity 1: audio_sfx File: C:/Users/Profe/Downloads/PAPRIUM project/paprium-pocket/rtl/PAPRIUM/audio_sfx.sv Line: 15
    Info (12023): Found entity 2: aclk_bank File: C:/Users/Profe/Downloads/PAPRIUM project/paprium-pocket/rtl/PAPRIUM/audio_sfx.sv Line: 92
    Info (12023): Found entity 3: sfx_bank File: C:/Users/Profe/Downloads/PAPRIUM project/paprium-pocket/rtl/PAPRIUM/audio_sfx.sv Line: 128
    Info (12023): Found entity 4: sfx_chan File: C:/Users/Profe/Downloads/PAPRIUM project/paprium-pocket/rtl/PAPRIUM/audio_sfx.sv Line: 149
    Info (12023): Found entity 5: mix_bank File: C:/Users/Profe/Downloads/PAPRIUM project/paprium-pocket/rtl/PAPRIUM/audio_sfx.sv Line: 245
    Info (12023): Found entity 6: mix_mono File: C:/Users/Profe/Downloads/PAPRIUM project/paprium-pocket/rtl/PAPRIUM/audio_sfx.sv Line: 361
    Info (12023): Found entity 7: sfx_fifo_ram File: C:/Users/Profe/Downloads/PAPRIUM project/paprium-pocket/rtl/PAPRIUM/audio_sfx.sv Line: 447
Info (12021): Found 3 design units, including 3 entities, in source file /users/profe/downloads/paprium project/paprium-pocket/rtl/paprium/mcu_core.sv
    Info (12023): Found entity 1: mcu_core File: C:/Users/Profe/Downloads/PAPRIUM project/paprium-pocket/rtl/PAPRIUM/mcu_core.sv Line: 3
    Info (12023): Found entity 2: mcu_wram File: C:/Users/Profe/Downloads/PAPRIUM project/paprium-pocket/rtl/PAPRIUM/mcu_core.sv Line: 163
    Info (12023): Found entity 3: mcu_irom File: C:/Users/Profe/Downloads/PAPRIUM project/paprium-pocket/rtl/PAPRIUM/mcu_core.sv Line: 266
Info (12021): Found 1 design units, including 1 entities, in source file /users/profe/downloads/paprium project/paprium-pocket/rtl/paprium/ramdp_io.sv
    Info (12023): Found entity 1: ramdp_io File: C:/Users/Profe/Downloads/PAPRIUM project/paprium-pocket/rtl/PAPRIUM/ramdp_io.sv Line: 3
Info (12021): Found 1 design units, including 1 entities, in source file /users/profe/downloads/paprium project/paprium-pocket/rtl/paprium/fpgio.sv
    Info (12023): Found entity 1: fpgio File: C:/Users/Profe/Downloads/PAPRIUM project/paprium-pocket/rtl/PAPRIUM/fpgio.sv Line: 3
Info (12021): Found 1 design units, including 1 entities, in source file /users/profe/downloads/paprium project/paprium-pocket/rtl/paprium/paprium_mcu_mem.sv
    Info (12023): Found entity 1: paprium_mcu_mem File: C:/Users/Profe/Downloads/PAPRIUM project/paprium-pocket/rtl/PAPRIUM/paprium_mcu_mem.sv Line: 1
Info (12021): Found 1 design units, including 1 entities, in source file /users/profe/downloads/paprium project/paprium-pocket/rtl/paprium/paprium_backup.sv
    Info (12023): Found entity 1: paprium_backup File: C:/Users/Profe/Downloads/PAPRIUM project/paprium-pocket/rtl/PAPRIUM/paprium_backup.sv Line: 21
Info (12021): Found 1 design units, including 1 entities, in source file /users/profe/downloads/paprium project/paprium-pocket/rtl/paprium/paprium_mdp_adapter.sv
    Info (12023): Found entity 1: paprium_mdp_adapter File: C:/Users/Profe/Downloads/PAPRIUM project/paprium-pocket/rtl/PAPRIUM/paprium_mdp_adapter.sv Line: 28
Info (12021): Found 1 design units, including 1 entities, in source file /users/profe/downloads/paprium project/paprium-pocket/rtl/paprium/paprium_cart.sv
    Info (12023): Found entity 1: paprium_cart File: C:/Users/Profe/Downloads/PAPRIUM project/paprium-pocket/rtl/PAPRIUM/paprium_cart.sv Line: 1
Info (12021): Found 1 design units, including 1 entities, in source file /users/profe/downloads/paprium project/paprium-pocket/rtl/paprium/paprium_cdda_play.sv
    Info (12023): Found entity 1: paprium_cdda_play File: C:/Users/Profe/Downloads/PAPRIUM project/paprium-pocket/rtl/PAPRIUM/paprium_cdda_play.sv Line: 27
Info (12021): Found 1 design units, including 1 entities, in source file /users/profe/downloads/paprium project/paprium-pocket/rtl/paprium/paprium_cdda_fetch.sv
    Info (12023): Found entity 1: paprium_cdda_fetch File: C:/Users/Profe/Downloads/PAPRIUM project/paprium-pocket/rtl/PAPRIUM/paprium_cdda_fetch.sv Line: 37
Info (12021): Found 1 design units, including 1 entities, in source file /users/profe/downloads/paprium project/paprium-pocket/rtl/paprium/paprium_cmd_log.sv
    Info (12023): Found entity 1: paprium_cmd_log File: C:/Users/Profe/Downloads/PAPRIUM project/paprium-pocket/rtl/PAPRIUM/paprium_cmd_log.sv Line: 55
Info (12021): Found 1 design units, including 1 entities, in source file /users/profe/downloads/paprium project/paprium-pocket/rtl/paprium/paprium_ima_decode.sv
    Info (12023): Found entity 1: paprium_ima_decode File: C:/Users/Profe/Downloads/PAPRIUM project/paprium-pocket/rtl/PAPRIUM/paprium_ima_decode.sv Line: 32
Info (12021): Found 1 design units, including 1 entities, in source file /users/profe/downloads/paprium project/paprium-pocket/rtl/paprium/paprium_cdda_buf.sv
    Info (12023): Found entity 1: paprium_cdda_buf File: C:/Users/Profe/Downloads/PAPRIUM project/paprium-pocket/rtl/PAPRIUM/paprium_cdda_buf.sv Line: 34
Info (12021): Found 2 design units, including 0 entities, in source file /users/profe/downloads/paprium project/paprium-pocket/rtl/paprium/risc-v/neorv32_package.vhd
    Info (12022): Found design unit 1: neorv32_package File: C:/Users/Profe/Downloads/PAPRIUM project/paprium-pocket/rtl/PAPRIUM/risc-v/neorv32_package.vhd Line: 39
    Info (12022): Found design unit 2: neorv32_package-body File: C:/Users/Profe/Downloads/PAPRIUM project/paprium-pocket/rtl/PAPRIUM/risc-v/neorv32_package.vhd Line: 1247
Info (12021): Found 2 design units, including 1 entities, in source file /users/profe/downloads/paprium project/paprium-pocket/rtl/paprium/risc-v/neorv32_top_stdlogic.vhd
    Info (12022): Found design unit 1: neorv32_top_stdlogic-neorv32_top_stdlogic_rtl File: C:/Users/Profe/Downloads/PAPRIUM project/paprium-pocket/rtl/PAPRIUM/risc-v/neorv32_top_stdlogic.vhd Line: 127
    Info (12023): Found entity 1: neorv32_top_stdlogic File: C:/Users/Profe/Downloads/PAPRIUM project/paprium-pocket/rtl/PAPRIUM/risc-v/neorv32_top_stdlogic.vhd Line: 42
Info (12021): Found 2 design units, including 1 entities, in source file /users/profe/downloads/paprium project/paprium-pocket/rtl/paprium/risc-v/neorv32_top.vhd
    Info (12022): Found design unit 1: neorv32_top-neorv32_top_rtl File: C:/Users/Profe/Downloads/PAPRIUM project/paprium-pocket/rtl/PAPRIUM/risc-v/neorv32_top.vhd Line: 133
    Info (12023): Found entity 1: neorv32_top File: C:/Users/Profe/Downloads/PAPRIUM project/paprium-pocket/rtl/PAPRIUM/risc-v/neorv32_top.vhd Line: 48
Info (12021): Found 2 design units, including 1 entities, in source file /users/profe/downloads/paprium project/paprium-pocket/rtl/paprium/risc-v/neorv32_busswitch.vhd
    Info (12022): Found design unit 1: neorv32_busswitch-neorv32_busswitch_rtl File: C:/Users/Profe/Downloads/PAPRIUM project/paprium-pocket/rtl/PAPRIUM/risc-v/neorv32_busswitch.vhd Line: 91
    Info (12023): Found entity 1: neorv32_busswitch File: C:/Users/Profe/Downloads/PAPRIUM project/paprium-pocket/rtl/PAPRIUM/risc-v/neorv32_busswitch.vhd Line: 45
Info (12021): Found 2 design units, including 1 entities, in source file /users/profe/downloads/paprium project/paprium-pocket/rtl/paprium/risc-v/neorv32_wishbone.vhd
    Info (12022): Found design unit 1: neorv32_wishbone-neorv32_wishbone_rtl File: C:/Users/Profe/Downloads/PAPRIUM project/paprium-pocket/rtl/PAPRIUM/risc-v/neorv32_wishbone.vhd Line: 99
    Info (12023): Found entity 1: neorv32_wishbone File: C:/Users/Profe/Downloads/PAPRIUM project/paprium-pocket/rtl/PAPRIUM/risc-v/neorv32_wishbone.vhd Line: 57
Info (12021): Found 2 design units, including 1 entities, in source file /users/profe/downloads/paprium project/paprium-pocket/rtl/paprium/risc-v/neorv32_sysinfo.vhd
    Info (12022): Found design unit 1: neorv32_sysinfo-neorv32_sysinfo_rtl File: C:/Users/Profe/Downloads/PAPRIUM project/paprium-pocket/rtl/PAPRIUM/risc-v/neorv32_sysinfo.vhd Line: 82
    Info (12023): Found entity 1: neorv32_sysinfo File: C:/Users/Profe/Downloads/PAPRIUM project/paprium-pocket/rtl/PAPRIUM/risc-v/neorv32_sysinfo.vhd Line: 45
Info (12021): Found 2 design units, including 1 entities, in source file /users/profe/downloads/paprium project/paprium-pocket/rtl/paprium/risc-v/neorv32_cpu.vhd
    Info (12022): Found design unit 1: neorv32_cpu-neorv32_cpu_rtl File: C:/Users/Profe/Downloads/PAPRIUM project/paprium-pocket/rtl/PAPRIUM/risc-v/neorv32_cpu.vhd Line: 117
    Info (12023): Found entity 1: neorv32_cpu File: C:/Users/Profe/Downloads/PAPRIUM project/paprium-pocket/rtl/PAPRIUM/risc-v/neorv32_cpu.vhd Line: 55
Info (12021): Found 2 design units, including 1 entities, in source file /users/profe/downloads/paprium project/paprium-pocket/rtl/paprium/risc-v/neorv32_cpu_control.vhd
    Info (12022): Found design unit 1: neorv32_cpu_control-neorv32_cpu_control_rtl File: C:/Users/Profe/Downloads/PAPRIUM project/paprium-pocket/rtl/PAPRIUM/risc-v/neorv32_cpu_control.vhd Line: 106
    Info (12023): Found entity 1: neorv32_cpu_control File: C:/Users/Profe/Downloads/PAPRIUM project/paprium-pocket/rtl/PAPRIUM/risc-v/neorv32_cpu_control.vhd Line: 47
Info (12021): Found 2 design units, including 1 entities, in source file /users/profe/downloads/paprium project/paprium-pocket/rtl/paprium/risc-v/neorv32_cpu_alu.vhd
    Info (12022): Found design unit 1: neorv32_cpu_alu-neorv32_cpu_cpu_rtl File: C:/Users/Profe/Downloads/PAPRIUM project/paprium-pocket/rtl/PAPRIUM/risc-v/neorv32_cpu_alu.vhd Line: 82
    Info (12023): Found entity 1: neorv32_cpu_alu File: C:/Users/Profe/Downloads/PAPRIUM project/paprium-pocket/rtl/PAPRIUM/risc-v/neorv32_cpu_alu.vhd Line: 44
Info (12021): Found 2 design units, including 1 entities, in source file /users/profe/downloads/paprium project/paprium-pocket/rtl/paprium/risc-v/neorv32_cpu_bus.vhd
    Info (12022): Found design unit 1: neorv32_cpu_bus-neorv32_cpu_bus_rtl File: C:/Users/Profe/Downloads/PAPRIUM project/paprium-pocket/rtl/PAPRIUM/risc-v/neorv32_cpu_bus.vhd Line: 105
    Info (12023): Found entity 1: neorv32_cpu_bus File: C:/Users/Profe/Downloads/PAPRIUM project/paprium-pocket/rtl/PAPRIUM/risc-v/neorv32_cpu_bus.vhd Line: 44
Info (12021): Found 2 design units, including 1 entities, in source file /users/profe/downloads/paprium project/paprium-pocket/rtl/paprium/risc-v/neorv32_cpu_regfile.vhd
    Info (12022): Found design unit 1: neorv32_cpu_regfile-neorv32_cpu_regfile_rtl File: C:/Users/Profe/Downloads/PAPRIUM project/paprium-pocket/rtl/PAPRIUM/risc-v/neorv32_cpu_regfile.vhd Line: 65
    Info (12023): Found entity 1: neorv32_cpu_regfile File: C:/Users/Profe/Downloads/PAPRIUM project/paprium-pocket/rtl/PAPRIUM/risc-v/neorv32_cpu_regfile.vhd Line: 47
Info (12021): Found 2 design units, including 1 entities, in source file /users/profe/downloads/paprium project/paprium-pocket/rtl/paprium/risc-v/neorv32_cpu_cp_muldiv.vhd
    Info (12022): Found design unit 1: neorv32_cpu_cp_muldiv-neorv32_cpu_cp_muldiv_rtl File: C:/Users/Profe/Downloads/PAPRIUM project/paprium-pocket/rtl/PAPRIUM/risc-v/neorv32_cpu_cp_muldiv.vhd Line: 66
    Info (12023): Found entity 1: neorv32_cpu_cp_muldiv File: C:/Users/Profe/Downloads/PAPRIUM project/paprium-pocket/rtl/PAPRIUM/risc-v/neorv32_cpu_cp_muldiv.vhd Line: 47
Info (12021): Found 2 design units, including 1 entities, in source file /users/profe/downloads/paprium project/paprium-pocket/rtl/paprium/risc-v/neorv32_cpu_decompressor.vhd
    Info (12022): Found design unit 1: neorv32_cpu_decompressor-neorv32_cpu_decompressor_rtl File: C:/Users/Profe/Downloads/PAPRIUM project/paprium-pocket/rtl/PAPRIUM/risc-v/neorv32_cpu_decompressor.vhd Line: 52
    Info (12023): Found entity 1: neorv32_cpu_decompressor File: C:/Users/Profe/Downloads/PAPRIUM project/paprium-pocket/rtl/PAPRIUM/risc-v/neorv32_cpu_decompressor.vhd Line: 42
Info (12021): Found 2 design units, including 1 entities, in source file /users/profe/downloads/paprium project/paprium-pocket/rtl/paprium/risc-v/neorv32_gpio.vhd
    Info (12022): Found design unit 1: neorv32_gpio-neorv32_gpio_rtl File: C:/Users/Profe/Downloads/PAPRIUM project/paprium-pocket/rtl/PAPRIUM/risc-v/neorv32_gpio.vhd Line: 62
    Info (12023): Found entity 1: neorv32_gpio File: C:/Users/Profe/Downloads/PAPRIUM project/paprium-pocket/rtl/PAPRIUM/risc-v/neorv32_gpio.vhd Line: 44
Info (12021): Found 2 design units, including 1 entities, in source file /users/profe/downloads/paprium project/paprium-pocket/rtl/paprium/risc-v/neorv32_mtime.vhd
    Info (12022): Found design unit 1: neorv32_mtime-neorv32_mtime_rtl File: C:/Users/Profe/Downloads/PAPRIUM project/paprium-pocket/rtl/PAPRIUM/risc-v/neorv32_mtime.vhd Line: 68
    Info (12023): Found entity 1: neorv32_mtime File: C:/Users/Profe/Downloads/PAPRIUM project/paprium-pocket/rtl/PAPRIUM/risc-v/neorv32_mtime.vhd Line: 50
Info (12021): Found 2 design units, including 1 entities, in source file /users/profe/downloads/paprium project/paprium-pocket/rtl/paprium/risc-v/neorv32_uart.vhd
    Info (12022): Found design unit 1: neorv32_uart-neorv32_uart_rtl File: C:/Users/Profe/Downloads/PAPRIUM project/paprium-pocket/rtl/PAPRIUM/risc-v/neorv32_uart.vhd Line: 76
    Info (12023): Found entity 1: neorv32_uart File: C:/Users/Profe/Downloads/PAPRIUM project/paprium-pocket/rtl/PAPRIUM/risc-v/neorv32_uart.vhd Line: 55
Info (12021): Found 2 design units, including 1 entities, in source file /users/profe/downloads/paprium project/paprium-pocket/rtl/paprium/risc-v/neorv32_wdt.vhd
    Info (12022): Found design unit 1: neorv32_wdt-neorv32_wdt_rtl File: C:/Users/Profe/Downloads/PAPRIUM project/paprium-pocket/rtl/PAPRIUM/risc-v/neorv32_wdt.vhd Line: 69
    Info (12023): Found entity 1: neorv32_wdt File: C:/Users/Profe/Downloads/PAPRIUM project/paprium-pocket/rtl/PAPRIUM/risc-v/neorv32_wdt.vhd Line: 49
Info (12021): Found 2 design units, including 1 entities, in source file /users/profe/downloads/paprium project/paprium-pocket/rtl/paprium/risc-v/neorv32_spi.vhd
    Info (12022): Found design unit 1: neorv32_spi-neorv32_spi_rtl File: C:/Users/Profe/Downloads/PAPRIUM project/paprium-pocket/rtl/PAPRIUM/risc-v/neorv32_spi.vhd Line: 69
    Info (12023): Found entity 1: neorv32_spi File: C:/Users/Profe/Downloads/PAPRIUM project/paprium-pocket/rtl/PAPRIUM/risc-v/neorv32_spi.vhd Line: 46
Info (12021): Found 2 design units, including 1 entities, in source file /users/profe/downloads/paprium project/paprium-pocket/rtl/paprium/risc-v/neorv32_twi.vhd
    Info (12022): Found design unit 1: neorv32_twi-neorv32_twi_rtl File: C:/Users/Profe/Downloads/PAPRIUM project/paprium-pocket/rtl/PAPRIUM/risc-v/neorv32_twi.vhd Line: 67
    Info (12023): Found entity 1: neorv32_twi File: C:/Users/Profe/Downloads/PAPRIUM project/paprium-pocket/rtl/PAPRIUM/risc-v/neorv32_twi.vhd Line: 46
Info (12021): Found 2 design units, including 1 entities, in source file /users/profe/downloads/paprium project/paprium-pocket/rtl/paprium/risc-v/neorv32_pwm.vhd
    Info (12022): Found design unit 1: neorv32_pwm-neorv32_pwm_rtl File: C:/Users/Profe/Downloads/PAPRIUM project/paprium-pocket/rtl/PAPRIUM/risc-v/neorv32_pwm.vhd Line: 63
    Info (12023): Found entity 1: neorv32_pwm File: C:/Users/Profe/Downloads/PAPRIUM project/paprium-pocket/rtl/PAPRIUM/risc-v/neorv32_pwm.vhd Line: 45
Info (12021): Found 4 design units, including 2 entities, in source file /users/profe/downloads/paprium project/paprium-pocket/rtl/paprium/risc-v/neorv32_trng.vhd
    Info (12022): Found design unit 1: neorv32_trng-neorv32_trng_rtl File: C:/Users/Profe/Downloads/PAPRIUM project/paprium-pocket/rtl/PAPRIUM/risc-v/neorv32_trng.vhd Line: 63
    Info (12022): Found design unit 2: neorv32_trng_garo_element-neorv32_trng_garo_element_rtl File: C:/Users/Profe/Downloads/PAPRIUM project/paprium-pocket/rtl/PAPRIUM/risc-v/neorv32_trng.vhd Line: 365
    Info (12023): Found entity 1: neorv32_trng File: C:/Users/Profe/Downloads/PAPRIUM project/paprium-pocket/rtl/PAPRIUM/risc-v/neorv32_trng.vhd Line: 50
    Info (12023): Found entity 2: neorv32_trng_garo_element File: C:/Users/Profe/Downloads/PAPRIUM project/paprium-pocket/rtl/PAPRIUM/risc-v/neorv32_trng.vhd Line: 350
Info (12021): Found 2 design units, including 1 entities, in source file /users/profe/downloads/paprium project/paprium-pocket/rtl/paprium/risc-v/neorv32_cfu0.vhd
    Info (12022): Found design unit 1: neorv32_cfu0-neorv32_cfu0_rtl File: C:/Users/Profe/Downloads/PAPRIUM project/paprium-pocket/rtl/PAPRIUM/risc-v/neorv32_cfu0.vhd Line: 63
    Info (12023): Found entity 1: neorv32_cfu0 File: C:/Users/Profe/Downloads/PAPRIUM project/paprium-pocket/rtl/PAPRIUM/risc-v/neorv32_cfu0.vhd Line: 44
Info (12021): Found 2 design units, including 1 entities, in source file /users/profe/downloads/paprium project/paprium-pocket/rtl/paprium/risc-v/neorv32_cfu1.vhd
    Info (12022): Found design unit 1: neorv32_cfu1-neorv32_cfu1_rtl File: C:/Users/Profe/Downloads/PAPRIUM project/paprium-pocket/rtl/PAPRIUM/risc-v/neorv32_cfu1.vhd Line: 63
    Info (12023): Found entity 1: neorv32_cfu1 File: C:/Users/Profe/Downloads/PAPRIUM project/paprium-pocket/rtl/PAPRIUM/risc-v/neorv32_cfu1.vhd Line: 44
Info (12021): Found 2 design units, including 1 entities, in source file /users/profe/downloads/paprium project/paprium-pocket/rtl/paprium/risc-v/neorv32_imem.vhd
    Info (12022): Found design unit 1: neorv32_imem-neorv32_imem_rtl File: C:/Users/Profe/Downloads/PAPRIUM project/paprium-pocket/rtl/PAPRIUM/risc-v/neorv32_imem.vhd Line: 67
    Info (12023): Found entity 1: neorv32_imem File: C:/Users/Profe/Downloads/PAPRIUM project/paprium-pocket/rtl/PAPRIUM/risc-v/neorv32_imem.vhd Line: 48
Info (12021): Found 2 design units, including 1 entities, in source file /users/profe/downloads/paprium project/paprium-pocket/rtl/paprium/risc-v/neorv32_dmem.vhd
    Info (12022): Found design unit 1: neorv32_dmem-neorv32_dmem_rtl File: C:/Users/Profe/Downloads/PAPRIUM project/paprium-pocket/rtl/PAPRIUM/risc-v/neorv32_dmem.vhd Line: 59
    Info (12023): Found entity 1: neorv32_dmem File: C:/Users/Profe/Downloads/PAPRIUM project/paprium-pocket/rtl/PAPRIUM/risc-v/neorv32_dmem.vhd Line: 42
Info (12021): Found 2 design units, including 1 entities, in source file /users/profe/downloads/paprium project/paprium-pocket/rtl/paprium/risc-v/neorv32_boot_rom.vhd
    Info (12022): Found design unit 1: neorv32_boot_rom-neorv32_boot_rom_rtl File: C:/Users/Profe/Downloads/PAPRIUM project/paprium-pocket/rtl/PAPRIUM/risc-v/neorv32_boot_rom.vhd Line: 57
    Info (12023): Found entity 1: neorv32_boot_rom File: C:/Users/Profe/Downloads/PAPRIUM project/paprium-pocket/rtl/PAPRIUM/risc-v/neorv32_boot_rom.vhd Line: 43
Info (12021): Found 1 design units, including 0 entities, in source file /users/profe/downloads/paprium project/paprium-pocket/rtl/paprium/risc-v/neorv32_bootloader_image.vhd
    Info (12022): Found design unit 1: neorv32_bootloader_image File: C:/Users/Profe/Downloads/PAPRIUM project/paprium-pocket/rtl/PAPRIUM/risc-v/neorv32_bootloader_image.vhd Line: 7
Info (12021): Found 1 design units, including 0 entities, in source file /users/profe/downloads/paprium project/paprium-pocket/rtl/paprium/risc-v/neorv32_application_image.vhd
    Info (12022): Found design unit 1: neorv32_application_image File: C:/Users/Profe/Downloads/PAPRIUM project/paprium-pocket/rtl/PAPRIUM/risc-v/neorv32_application_image.vhd Line: 7
Info (12127): Elaborating entity "apf_top" for the top level hierarchy
Info (12128): Elaborating entity "mf_ddio_bidir_12" for hierarchy "mf_ddio_bidir_12:isco" File: C:/Users/Profe/Downloads/PAPRIUM project/paprium-pocket/platform/pocket/apf_top.v Line: 253
Info (12128): Elaborating entity "altddio_bidir" for hierarchy "mf_ddio_bidir_12:isco|altddio_bidir:ALTDDIO_BIDIR_component" File: C:/Users/Profe/Downloads/PAPRIUM project/paprium-pocket/platform/pocket/mf_ddio_bidir_12.v Line: 81
Info (12130): Elaborated megafunction instantiation "mf_ddio_bidir_12:isco|altddio_bidir:ALTDDIO_BIDIR_component" File: C:/Users/Profe/Downloads/PAPRIUM project/paprium-pocket/platform/pocket/mf_ddio_bidir_12.v Line: 81
Info (12133): Instantiated megafunction "mf_ddio_bidir_12:isco|altddio_bidir:ALTDDIO_BIDIR_component" with the following parameter: File: C:/Users/Profe/Downloads/PAPRIUM project/paprium-pocket/platform/pocket/mf_ddio_bidir_12.v Line: 81
    Info (12134): Parameter "extend_oe_disable" = "OFF"
    Info (12134): Parameter "implement_input_in_lcell" = "OFF"
    Info (12134): Parameter "intended_device_family" = "Cyclone V"
    Info (12134): Parameter "invert_output" = "OFF"
    Info (12134): Parameter "lpm_hint" = "UNUSED"
    Info (12134): Parameter "lpm_type" = "altddio_bidir"
    Info (12134): Parameter "oe_reg" = "UNREGISTERED"
    Info (12134): Parameter "power_up_high" = "OFF"
    Info (12134): Parameter "width" = "12"
Info (12021): Found 1 design units, including 1 entities, in source file db/ddio_bidir_euo.tdf
    Info (12023): Found entity 1: ddio_bidir_euo File: C:/Users/Profe/Downloads/PAPRIUM project/paprium-pocket/projects/db/ddio_bidir_euo.tdf Line: 33
Info (12128): Elaborating entity "ddio_bidir_euo" for hierarchy "mf_ddio_bidir_12:isco|altddio_bidir:ALTDDIO_BIDIR_component|ddio_bidir_euo:auto_generated" File: c:/intelfpga_lite/21.1/quartus/libraries/megafunctions/altddio_bidir.tdf Line: 116
Info (12128): Elaborating entity "io_pad_controller" for hierarchy "io_pad_controller:ipm" File: C:/Users/Profe/Downloads/PAPRIUM project/paprium-pocket/platform/pocket/apf_top.v Line: 314
Info (12128): Elaborating entity "synch_3" for hierarchy "io_pad_controller:ipm|synch_3:s00" File: C:/Users/Profe/Downloads/PAPRIUM project/paprium-pocket/platform/pocket/io_pad_controller.v Line: 65
Info (12128): Elaborating entity "io_bridge_peripheral" for hierarchy "io_bridge_peripheral:ibs" File: C:/Users/Profe/Downloads/PAPRIUM project/paprium-pocket/platform/pocket/apf_top.v Line: 343
Info (12128): Elaborating entity "core_top" for hierarchy "core_top:ic" File: C:/Users/Profe/Downloads/PAPRIUM project/paprium-pocket/platform/pocket/apf_top.v Line: 472
Warning (10762): Verilog HDL Case Statement warning at core_top.sv(575): can't check case statement for completeness because the case expression has too many possible states File: C:/Users/Profe/Downloads/PAPRIUM project/paprium-pocket/target/pocket/core_top.sv Line: 575
Warning (10762): Verilog HDL Case Statement warning at core_top.sv(660): can't check case statement for completeness because the case expression has too many possible states File: C:/Users/Profe/Downloads/PAPRIUM project/paprium-pocket/target/pocket/core_top.sv Line: 660
Warning (10230): Verilog HDL assignment warning at core_top.sv(1830): truncated value with size 26 to match size of target (18) File: C:/Users/Profe/Downloads/PAPRIUM project/paprium-pocket/target/pocket/core_top.sv Line: 1830
Warning (10230): Verilog HDL assignment warning at core_top.sv(1831): truncated value with size 26 to match size of target (18) File: C:/Users/Profe/Downloads/PAPRIUM project/paprium-pocket/target/pocket/core_top.sv Line: 1831
Info (12128): Elaborating entity "mf_pllbase" for hierarchy "core_top:ic|mf_pllbase:mp1" File: C:/Users/Profe/Downloads/PAPRIUM project/paprium-pocket/target/pocket/core_top.sv Line: 389
Info (12128): Elaborating entity "altera_pll" for hierarchy "core_top:ic|mf_pllbase:mp1|altera_pll:altera_pll_i" File: C:/Users/Profe/Downloads/PAPRIUM project/paprium-pocket/target/pocket/mf_pllbase/mf_pllbase.v Line: 100
Info (10008): Verilog HDL or VHDL information: EDA Netlist Writer cannot regroup multidimensional array "wire_to_nowhere_64" into its bus
Info (12130): Elaborated megafunction instantiation "core_top:ic|mf_pllbase:mp1|altera_pll:altera_pll_i" File: C:/Users/Profe/Downloads/PAPRIUM project/paprium-pocket/target/pocket/mf_pllbase/mf_pllbase.v Line: 100
Info (12133): Instantiated megafunction "core_top:ic|mf_pllbase:mp1|altera_pll:altera_pll_i" with the following parameter: File: C:/Users/Profe/Downloads/PAPRIUM project/paprium-pocket/target/pocket/mf_pllbase/mf_pllbase.v Line: 100
    Info (12134): Parameter "fractional_vco_multiplier" = "true"
    Info (12134): Parameter "reference_clock_frequency" = "74.25 MHz"
    Info (12134): Parameter "operation_mode" = "normal"
    Info (12134): Parameter "number_of_clocks" = "6"
    Info (12134): Parameter "output_clock_frequency0" = "53.693170 MHz"
    Info (12134): Parameter "phase_shift0" = "0 ps"
    Info (12134): Parameter "duty_cycle0" = "50"
    Info (12134): Parameter "output_clock_frequency1" = "107.386336 MHz"
    Info (12134): Parameter "phase_shift1" = "0 ps"
    Info (12134): Parameter "duty_cycle1" = "50"
    Info (12134): Parameter "output_clock_frequency2" = "6.711646 MHz"
    Info (12134): Parameter "phase_shift2" = "0 ps"
    Info (12134): Parameter "duty_cycle2" = "50"
    Info (12134): Parameter "output_clock_frequency3" = "6.711646 MHz"
    Info (12134): Parameter "phase_shift3" = "37249 ps"
    Info (12134): Parameter "duty_cycle3" = "50"
    Info (12134): Parameter "output_clock_frequency4" = "5.369317 MHz"
    Info (12134): Parameter "phase_shift4" = "0 ps"
    Info (12134): Parameter "duty_cycle4" = "50"
    Info (12134): Parameter "output_clock_frequency5" = "5.369317 MHz"
    Info (12134): Parameter "phase_shift5" = "46561 ps"
    Info (12134): Parameter "duty_cycle5" = "50"
    Info (12134): Parameter "output_clock_frequency6" = "0 MHz"
    Info (12134): Parameter "phase_shift6" = "0 ps"
    Info (12134): Parameter "duty_cycle6" = "50"
    Info (12134): Parameter "output_clock_frequency7" = "0 MHz"
    Info (12134): Parameter "phase_shift7" = "0 ps"
    Info (12134): Parameter "duty_cycle7" = "50"
    Info (12134): Parameter "output_clock_frequency8" = "0 MHz"
    Info (12134): Parameter "phase_shift8" = "0 ps"
    Info (12134): Parameter "duty_cycle8" = "50"
    Info (12134): Parameter "output_clock_frequency9" = "0 MHz"
    Info (12134): Parameter "phase_shift9" = "0 ps"
    Info (12134): Parameter "duty_cycle9" = "50"
    Info (12134): Parameter "output_clock_frequency10" = "0 MHz"
    Info (12134): Parameter "phase_shift10" = "0 ps"
    Info (12134): Parameter "duty_cycle10" = "50"
    Info (12134): Parameter "output_clock_frequency11" = "0 MHz"
    Info (12134): Parameter "phase_shift11" = "0 ps"
    Info (12134): Parameter "duty_cycle11" = "50"
    Info (12134): Parameter "output_clock_frequency12" = "0 MHz"
    Info (12134): Parameter "phase_shift12" = "0 ps"
    Info (12134): Parameter "duty_cycle12" = "50"
    Info (12134): Parameter "output_clock_frequency13" = "0 MHz"
    Info (12134): Parameter "phase_shift13" = "0 ps"
    Info (12134): Parameter "duty_cycle13" = "50"
    Info (12134): Parameter "output_clock_frequency14" = "0 MHz"
    Info (12134): Parameter "phase_shift14" = "0 ps"
    Info (12134): Parameter "duty_cycle14" = "50"
    Info (12134): Parameter "output_clock_frequency15" = "0 MHz"
    Info (12134): Parameter "phase_shift15" = "0 ps"
    Info (12134): Parameter "duty_cycle15" = "50"
    Info (12134): Parameter "output_clock_frequency16" = "0 MHz"
    Info (12134): Parameter "phase_shift16" = "0 ps"
    Info (12134): Parameter "duty_cycle16" = "50"
    Info (12134): Parameter "output_clock_frequency17" = "0 MHz"
    Info (12134): Parameter "phase_shift17" = "0 ps"
    Info (12134): Parameter "duty_cycle17" = "50"
    Info (12134): Parameter "pll_type" = "General"
    Info (12134): Parameter "pll_subtype" = "General"
Info (12128): Elaborating entity "core_bridge_cmd" for hierarchy "core_top:ic|core_bridge_cmd:icb" File: C:/Users/Profe/Downloads/PAPRIUM project/paprium-pocket/target/pocket/core_top.sv Line: 565
Warning (10036): Verilog HDL or VHDL warning at core_bridge_cmd.v(142): object "host_2C" assigned a value but never read File: C:/Users/Profe/Downloads/PAPRIUM project/paprium-pocket/target/pocket/core_bridge_cmd.v Line: 142
Warning (10858): Verilog HDL warning at core_bridge_cmd.v(147): object host_4C used but never assigned File: C:/Users/Profe/Downloads/PAPRIUM project/paprium-pocket/target/pocket/core_bridge_cmd.v Line: 147
Warning (10036): Verilog HDL or VHDL warning at core_bridge_cmd.v(173): object "target_40" assigned a value but never read File: C:/Users/Profe/Downloads/PAPRIUM project/paprium-pocket/target/pocket/core_bridge_cmd.v Line: 173
Warning (10036): Verilog HDL or VHDL warning at core_bridge_cmd.v(174): object "target_44" assigned a value but never read File: C:/Users/Profe/Downloads/PAPRIUM project/paprium-pocket/target/pocket/core_bridge_cmd.v Line: 174
Warning (10036): Verilog HDL or VHDL warning at core_bridge_cmd.v(175): object "target_48" assigned a value but never read File: C:/Users/Profe/Downloads/PAPRIUM project/paprium-pocket/target/pocket/core_bridge_cmd.v Line: 175
Warning (10036): Verilog HDL or VHDL warning at core_bridge_cmd.v(176): object "target_4C" assigned a value but never read File: C:/Users/Profe/Downloads/PAPRIUM project/paprium-pocket/target/pocket/core_bridge_cmd.v Line: 176
Warning (10230): Verilog HDL assignment warning at core_bridge_cmd.v(241): truncated value with size 32 to match size of target (10) File: C:/Users/Profe/Downloads/PAPRIUM project/paprium-pocket/target/pocket/core_bridge_cmd.v Line: 241
Warning (10762): Verilog HDL Case Statement warning at core_bridge_cmd.v(244): can't check case statement for completeness because the case expression has too many possible states File: C:/Users/Profe/Downloads/PAPRIUM project/paprium-pocket/target/pocket/core_bridge_cmd.v Line: 244
Warning (10762): Verilog HDL Case Statement warning at core_bridge_cmd.v(279): can't check case statement for completeness because the case expression has too many possible states File: C:/Users/Profe/Downloads/PAPRIUM project/paprium-pocket/target/pocket/core_bridge_cmd.v Line: 279
Warning (10030): Net "host_4C" at core_bridge_cmd.v(147) has no driver or initial value, using a default initial value '0' File: C:/Users/Profe/Downloads/PAPRIUM project/paprium-pocket/target/pocket/core_bridge_cmd.v Line: 147
Info (12128): Elaborating entity "mf_datatable" for hierarchy "core_top:ic|core_bridge_cmd:icb|mf_datatable:idt" File: C:/Users/Profe/Downloads/PAPRIUM project/paprium-pocket/target/pocket/core_bridge_cmd.v Line: 579
Info (12128): Elaborating entity "altsyncram" for hierarchy "core_top:ic|core_bridge_cmd:icb|mf_datatable:idt|altsyncram:altsyncram_component" File: C:/Users/Profe/Downloads/PAPRIUM project/paprium-pocket/platform/pocket/mf_datatable.v Line: 100
Info (12130): Elaborated megafunction instantiation "core_top:ic|core_bridge_cmd:icb|mf_datatable:idt|altsyncram:altsyncram_component" File: C:/Users/Profe/Downloads/PAPRIUM project/paprium-pocket/platform/pocket/mf_datatable.v Line: 100
Info (12133): Instantiated megafunction "core_top:ic|core_bridge_cmd:icb|mf_datatable:idt|altsyncram:altsyncram_component" with the following parameter: File: C:/Users/Profe/Downloads/PAPRIUM project/paprium-pocket/platform/pocket/mf_datatable.v Line: 100
    Info (12134): Parameter "address_reg_b" = "CLOCK1"
    Info (12134): Parameter "clock_enable_input_a" = "BYPASS"
    Info (12134): Parameter "clock_enable_input_b" = "BYPASS"
    Info (12134): Parameter "clock_enable_output_a" = "BYPASS"
    Info (12134): Parameter "clock_enable_output_b" = "BYPASS"
    Info (12134): Parameter "indata_reg_b" = "CLOCK1"
    Info (12134): Parameter "init_file" = "./build_id.mif"
    Info (12134): Parameter "intended_device_family" = "Cyclone V"
    Info (12134): Parameter "lpm_type" = "altsyncram"
    Info (12134): Parameter "numwords_a" = "256"
    Info (12134): Parameter "numwords_b" = "256"
    Info (12134): Parameter "operation_mode" = "BIDIR_DUAL_PORT"
    Info (12134): Parameter "outdata_aclr_a" = "NONE"
    Info (12134): Parameter "outdata_aclr_b" = "NONE"
    Info (12134): Parameter "outdata_reg_a" = "CLOCK0"
    Info (12134): Parameter "outdata_reg_b" = "CLOCK1"
    Info (12134): Parameter "power_up_uninitialized" = "FALSE"
    Info (12134): Parameter "read_during_write_mode_port_a" = "NEW_DATA_NO_NBE_READ"
    Info (12134): Parameter "read_during_write_mode_port_b" = "NEW_DATA_NO_NBE_READ"
    Info (12134): Parameter "widthad_a" = "8"
    Info (12134): Parameter "widthad_b" = "8"
    Info (12134): Parameter "width_a" = "32"
    Info (12134): Parameter "width_b" = "32"
    Info (12134): Parameter "width_byteena_a" = "1"
    Info (12134): Parameter "width_byteena_b" = "1"
    Info (12134): Parameter "wrcontrol_wraddress_reg_b" = "CLOCK1"
Info (12021): Found 1 design units, including 1 entities, in source file db/altsyncram_fik2.tdf
    Info (12023): Found entity 1: altsyncram_fik2 File: C:/Users/Profe/Downloads/PAPRIUM project/paprium-pocket/projects/db/altsyncram_fik2.tdf Line: 28
Info (12128): Elaborating entity "altsyncram_fik2" for hierarchy "core_top:ic|core_bridge_cmd:icb|mf_datatable:idt|altsyncram:altsyncram_component|altsyncram_fik2:auto_generated" File: c:/intelfpga_lite/21.1/quartus/libraries/megafunctions/altsyncram.tdf Line: 792
Warning (113028): 253 out of 256 addresses are uninitialized. The Quartus Prime software will initialize them to "0". There are 2 warnings found, and 2 warnings are reported. File: C:/Users/Profe/Downloads/PAPRIUM project/paprium-pocket/platform/pocket/build_id.mif Line: 1
    Warning (113027): Addresses ranging from 0 to 223 are not initialized File: C:/Users/Profe/Downloads/PAPRIUM project/paprium-pocket/platform/pocket/build_id.mif Line: 1
    Warning (113027): Addresses ranging from 227 to 255 are not initialized File: C:/Users/Profe/Downloads/PAPRIUM project/paprium-pocket/platform/pocket/build_id.mif Line: 1
Info (12128): Elaborating entity "synch_3" for hierarchy "core_top:ic|synch_3:settings_sync" File: C:/Users/Profe/Downloads/PAPRIUM project/paprium-pocket/target/pocket/core_top.sv Line: 698
Warning (10230): Verilog HDL assignment warning at common.v(74): truncated value with size 5 to match size of target (1) File: C:/Users/Profe/Downloads/PAPRIUM project/paprium-pocket/platform/pocket/common.v Line: 74
Warning (10230): Verilog HDL assignment warning at common.v(75): truncated value with size 5 to match size of target (1) File: C:/Users/Profe/Downloads/PAPRIUM project/paprium-pocket/platform/pocket/common.v Line: 75
Info (12128): Elaborating entity "data_loader" for hierarchy "core_top:ic|data_loader:rom_data_loader" File: C:/Users/Profe/Downloads/PAPRIUM project/paprium-pocket/target/pocket/core_top.sv Line: 814
Warning (10230): Verilog HDL assignment warning at data_loader.sv(143): truncated value with size 32 to match size of target (28) File: C:/Users/Profe/Downloads/PAPRIUM project/paprium-pocket/target/pocket/data_loader.sv Line: 143
Warning (10230): Verilog HDL assignment warning at data_loader.sv(145): truncated value with size 32 to match size of target (3) File: C:/Users/Profe/Downloads/PAPRIUM project/paprium-pocket/target/pocket/data_loader.sv Line: 145
Info (10264): Verilog HDL Case Statement information at data_loader.sv(132): all case item expressions in this case statement are onehot File: C:/Users/Profe/Downloads/PAPRIUM project/paprium-pocket/target/pocket/data_loader.sv Line: 132
Warning (10230): Verilog HDL assignment warning at data_loader.sv(172): truncated value with size 32 to match size of target (6) File: C:/Users/Profe/Downloads/PAPRIUM project/paprium-pocket/target/pocket/data_loader.sv Line: 172
Warning (10230): Verilog HDL assignment warning at data_loader.sv(175): truncated value with size 32 to match size of target (6) File: C:/Users/Profe/Downloads/PAPRIUM project/paprium-pocket/target/pocket/data_loader.sv Line: 175
Warning (10230): Verilog HDL assignment warning at data_loader.sv(189): truncated value with size 28 to match size of target (25) File: C:/Users/Profe/Downloads/PAPRIUM project/paprium-pocket/target/pocket/data_loader.sv Line: 189
Info (12128): Elaborating entity "dcfifo" for hierarchy "core_top:ic|data_loader:rom_data_loader|dcfifo:dcfifo_component" File: C:/Users/Profe/Downloads/PAPRIUM project/paprium-pocket/target/pocket/data_loader.sv Line: 96
Info (12130): Elaborated megafunction instantiation "core_top:ic|data_loader:rom_data_loader|dcfifo:dcfifo_component" File: C:/Users/Profe/Downloads/PAPRIUM project/paprium-pocket/target/pocket/data_loader.sv Line: 96
Info (12133): Instantiated megafunction "core_top:ic|data_loader:rom_data_loader|dcfifo:dcfifo_component" with the following parameter: File: C:/Users/Profe/Downloads/PAPRIUM project/paprium-pocket/target/pocket/data_loader.sv Line: 96
    Info (12134): Parameter "clocks_are_synchronized" = "FALSE"
    Info (12134): Parameter "intended_device_family" = "Cyclone V"
    Info (12134): Parameter "lpm_numwords" = "4"
    Info (12134): Parameter "lpm_showahead" = "OFF"
    Info (12134): Parameter "lpm_type" = "dcfifo"
    Info (12134): Parameter "lpm_width" = "44"
    Info (12134): Parameter "lpm_widthu" = "2"
    Info (12134): Parameter "overflow_checking" = "OFF"
    Info (12134): Parameter "rdsync_delaypipe" = "5"
    Info (12134): Parameter "underflow_checking" = "OFF"
    Info (12134): Parameter "use_eab" = "OFF"
    Info (12134): Parameter "wrsync_delaypipe" = "5"
Info (12021): Found 1 design units, including 1 entities, in source file db/dcfifo_06o1.tdf
    Info (12023): Found entity 1: dcfifo_06o1 File: C:/Users/Profe/Downloads/PAPRIUM project/paprium-pocket/projects/db/dcfifo_06o1.tdf Line: 39
Info (12128): Elaborating entity "dcfifo_06o1" for hierarchy "core_top:ic|data_loader:rom_data_loader|dcfifo:dcfifo_component|dcfifo_06o1:auto_generated" File: c:/intelfpga_lite/21.1/quartus/libraries/megafunctions/dcfifo.tdf Line: 191
Info (12021): Found 1 design units, including 1 entities, in source file db/a_graycounter_7g6.tdf
    Info (12023): Found entity 1: a_graycounter_7g6 File: C:/Users/Profe/Downloads/PAPRIUM project/paprium-pocket/projects/db/a_graycounter_7g6.tdf Line: 25
Info (12128): Elaborating entity "a_graycounter_7g6" for hierarchy "core_top:ic|data_loader:rom_data_loader|dcfifo:dcfifo_component|dcfifo_06o1:auto_generated|a_graycounter_7g6:rdptr_g1p" File: C:/Users/Profe/Downloads/PAPRIUM project/paprium-pocket/projects/db/dcfifo_06o1.tdf Line: 50
Info (12021): Found 1 design units, including 1 entities, in source file db/a_graycounter_3ub.tdf
    Info (12023): Found entity 1: a_graycounter_3ub File: C:/Users/Profe/Downloads/PAPRIUM project/paprium-pocket/projects/db/a_graycounter_3ub.tdf Line: 25
Info (12128): Elaborating entity "a_graycounter_3ub" for hierarchy "core_top:ic|data_loader:rom_data_loader|dcfifo:dcfifo_component|dcfifo_06o1:auto_generated|a_graycounter_3ub:wrptr_g1p" File: C:/Users/Profe/Downloads/PAPRIUM project/paprium-pocket/projects/db/dcfifo_06o1.tdf Line: 51
Info (12021): Found 1 design units, including 1 entities, in source file db/altsyncram_o0i1.tdf
    Info (12023): Found entity 1: altsyncram_o0i1 File: C:/Users/Profe/Downloads/PAPRIUM project/paprium-pocket/projects/db/altsyncram_o0i1.tdf Line: 29
Info (12128): Elaborating entity "altsyncram_o0i1" for hierarchy "core_top:ic|data_loader:rom_data_loader|dcfifo:dcfifo_component|dcfifo_06o1:auto_generated|altsyncram_o0i1:fifo_ram" File: C:/Users/Profe/Downloads/PAPRIUM project/paprium-pocket/projects/db/dcfifo_06o1.tdf Line: 52
Info (12021): Found 1 design units, including 1 entities, in source file db/decode_v07.tdf
    Info (12023): Found entity 1: decode_v07 File: C:/Users/Profe/Downloads/PAPRIUM project/paprium-pocket/projects/db/decode_v07.tdf Line: 23
Info (12128): Elaborating entity "decode_v07" for hierarchy "core_top:ic|data_loader:rom_data_loader|dcfifo:dcfifo_component|dcfifo_06o1:auto_generated|altsyncram_o0i1:fifo_ram|decode_v07:address_decoder" File: C:/Users/Profe/Downloads/PAPRIUM project/paprium-pocket/projects/db/altsyncram_o0i1.tdf Line: 49
Info (12021): Found 1 design units, including 1 entities, in source file db/mux_vs7.tdf
    Info (12023): Found entity 1: mux_vs7 File: C:/Users/Profe/Downloads/PAPRIUM project/paprium-pocket/projects/db/mux_vs7.tdf Line: 23
Info (12128): Elaborating entity "mux_vs7" for hierarchy "core_top:ic|data_loader:rom_data_loader|dcfifo:dcfifo_component|dcfifo_06o1:auto_generated|altsyncram_o0i1:fifo_ram|mux_vs7:output_mux" File: C:/Users/Profe/Downloads/PAPRIUM project/paprium-pocket/projects/db/altsyncram_o0i1.tdf Line: 50
Info (12021): Found 1 design units, including 1 entities, in source file db/alt_synch_pipe_b9l.tdf
    Info (12023): Found entity 1: alt_synch_pipe_b9l File: C:/Users/Profe/Downloads/PAPRIUM project/paprium-pocket/projects/db/alt_synch_pipe_b9l.tdf Line: 27
Info (12128): Elaborating entity "alt_synch_pipe_b9l" for hierarchy "core_top:ic|data_loader:rom_data_loader|dcfifo:dcfifo_component|dcfifo_06o1:auto_generated|alt_synch_pipe_b9l:rs_dgwp" File: C:/Users/Profe/Downloads/PAPRIUM project/paprium-pocket/projects/db/dcfifo_06o1.tdf Line: 71
Info (12021): Found 1 design units, including 1 entities, in source file db/dffpipe_su8.tdf
    Info (12023): Found entity 1: dffpipe_su8 File: C:/Users/Profe/Downloads/PAPRIUM project/paprium-pocket/projects/db/dffpipe_su8.tdf Line: 25
Info (12128): Elaborating entity "dffpipe_su8" for hierarchy "core_top:ic|data_loader:rom_data_loader|dcfifo:dcfifo_component|dcfifo_06o1:auto_generated|alt_synch_pipe_b9l:rs_dgwp|dffpipe_su8:dffpipe7" File: C:/Users/Profe/Downloads/PAPRIUM project/paprium-pocket/projects/db/alt_synch_pipe_b9l.tdf Line: 34
Info (12021): Found 1 design units, including 1 entities, in source file db/cmpr_qu5.tdf
    Info (12023): Found entity 1: cmpr_qu5 File: C:/Users/Profe/Downloads/PAPRIUM project/paprium-pocket/projects/db/cmpr_qu5.tdf Line: 23
Info (12128): Elaborating entity "cmpr_qu5" for hierarchy "core_top:ic|data_loader:rom_data_loader|dcfifo:dcfifo_component|dcfifo_06o1:auto_generated|cmpr_qu5:rdempty_eq_comp1_lsb" File: C:/Users/Profe/Downloads/PAPRIUM project/paprium-pocket/projects/db/dcfifo_06o1.tdf Line: 73
Info (12021): Found 1 design units, including 1 entities, in source file db/cmpr_pu5.tdf
    Info (12023): Found entity 1: cmpr_pu5 File: C:/Users/Profe/Downloads/PAPRIUM project/paprium-pocket/projects/db/cmpr_pu5.tdf Line: 23
Info (12128): Elaborating entity "cmpr_pu5" for hierarchy "core_top:ic|data_loader:rom_data_loader|dcfifo:dcfifo_component|dcfifo_06o1:auto_generated|cmpr_pu5:rdempty_eq_comp1_msb" File: C:/Users/Profe/Downloads/PAPRIUM project/paprium-pocket/projects/db/dcfifo_06o1.tdf Line: 74
Info (12021): Found 1 design units, including 1 entities, in source file db/mux_5r7.tdf
    Info (12023): Found entity 1: mux_5r7 File: C:/Users/Profe/Downloads/PAPRIUM project/paprium-pocket/projects/db/mux_5r7.tdf Line: 23
Info (12128): Elaborating entity "mux_5r7" for hierarchy "core_top:ic|data_loader:rom_data_loader|dcfifo:dcfifo_component|dcfifo_06o1:auto_generated|mux_5r7:rdemp_eq_comp_lsb_mux" File: C:/Users/Profe/Downloads/PAPRIUM project/paprium-pocket/projects/db/dcfifo_06o1.tdf Line: 81
Info (12128): Elaborating entity "data_loader" for hierarchy "core_top:ic|data_loader:save_data_loader" File: C:/Users/Profe/Downloads/PAPRIUM project/paprium-pocket/target/pocket/core_top.sv Line: 863
Warning (10230): Verilog HDL assignment warning at data_loader.sv(143): truncated value with size 32 to match size of target (28) File: C:/Users/Profe/Downloads/PAPRIUM project/paprium-pocket/target/pocket/data_loader.sv Line: 143
Warning (10230): Verilog HDL assignment warning at data_loader.sv(145): truncated value with size 32 to match size of target (3) File: C:/Users/Profe/Downloads/PAPRIUM project/paprium-pocket/target/pocket/data_loader.sv Line: 145
Info (10264): Verilog HDL Case Statement information at data_loader.sv(132): all case item expressions in this case statement are onehot File: C:/Users/Profe/Downloads/PAPRIUM project/paprium-pocket/target/pocket/data_loader.sv Line: 132
Warning (10230): Verilog HDL assignment warning at data_loader.sv(172): truncated value with size 32 to match size of target (6) File: C:/Users/Profe/Downloads/PAPRIUM project/paprium-pocket/target/pocket/data_loader.sv Line: 172
Warning (10230): Verilog HDL assignment warning at data_loader.sv(175): truncated value with size 32 to match size of target (6) File: C:/Users/Profe/Downloads/PAPRIUM project/paprium-pocket/target/pocket/data_loader.sv Line: 175
Warning (10230): Verilog HDL assignment warning at data_loader.sv(189): truncated value with size 28 to match size of target (16) File: C:/Users/Profe/Downloads/PAPRIUM project/paprium-pocket/target/pocket/data_loader.sv Line: 189
Info (12128): Elaborating entity "dcfifo" for hierarchy "core_top:ic|data_loader:save_data_loader|dcfifo:dcfifo_component" File: C:/Users/Profe/Downloads/PAPRIUM project/paprium-pocket/target/pocket/data_loader.sv Line: 96
Info (12130): Elaborated megafunction instantiation "core_top:ic|data_loader:save_data_loader|dcfifo:dcfifo_component" File: C:/Users/Profe/Downloads/PAPRIUM project/paprium-pocket/target/pocket/data_loader.sv Line: 96
Info (12133): Instantiated megafunction "core_top:ic|data_loader:save_data_loader|dcfifo:dcfifo_component" with the following parameter: File: C:/Users/Profe/Downloads/PAPRIUM project/paprium-pocket/target/pocket/data_loader.sv Line: 96
    Info (12134): Parameter "clocks_are_synchronized" = "FALSE"
    Info (12134): Parameter "intended_device_family" = "Cyclone V"
    Info (12134): Parameter "lpm_numwords" = "4"
    Info (12134): Parameter "lpm_showahead" = "OFF"
    Info (12134): Parameter "lpm_type" = "dcfifo"
    Info (12134): Parameter "lpm_width" = "36"
    Info (12134): Parameter "lpm_widthu" = "2"
    Info (12134): Parameter "overflow_checking" = "OFF"
    Info (12134): Parameter "rdsync_delaypipe" = "5"
    Info (12134): Parameter "underflow_checking" = "OFF"
    Info (12134): Parameter "use_eab" = "OFF"
    Info (12134): Parameter "wrsync_delaypipe" = "5"
Info (12021): Found 1 design units, including 1 entities, in source file db/dcfifo_26o1.tdf
    Info (12023): Found entity 1: dcfifo_26o1 File: C:/Users/Profe/Downloads/PAPRIUM project/paprium-pocket/projects/db/dcfifo_26o1.tdf Line: 41
Info (12128): Elaborating entity "dcfifo_26o1" for hierarchy "core_top:ic|data_loader:save_data_loader|dcfifo:dcfifo_component|dcfifo_26o1:auto_generated" File: c:/intelfpga_lite/21.1/quartus/libraries/megafunctions/dcfifo.tdf Line: 191
Info (12021): Found 1 design units, including 1 entities, in source file db/altsyncram_q0i1.tdf
    Info (12023): Found entity 1: altsyncram_q0i1 File: C:/Users/Profe/Downloads/PAPRIUM project/paprium-pocket/projects/db/altsyncram_q0i1.tdf Line: 29
Info (12128): Elaborating entity "altsyncram_q0i1" for hierarchy "core_top:ic|data_loader:save_data_loader|dcfifo:dcfifo_component|dcfifo_26o1:auto_generated|altsyncram_q0i1:fifo_ram" File: C:/Users/Profe/Downloads/PAPRIUM project/paprium-pocket/projects/db/dcfifo_26o1.tdf Line: 54
Info (12021): Found 1 design units, including 1 entities, in source file db/mux_0t7.tdf
    Info (12023): Found entity 1: mux_0t7 File: C:/Users/Profe/Downloads/PAPRIUM project/paprium-pocket/projects/db/mux_0t7.tdf Line: 23
Info (12128): Elaborating entity "mux_0t7" for hierarchy "core_top:ic|data_loader:save_data_loader|dcfifo:dcfifo_component|dcfifo_26o1:auto_generated|altsyncram_q0i1:fifo_ram|mux_0t7:output_mux" File: C:/Users/Profe/Downloads/PAPRIUM project/paprium-pocket/projects/db/altsyncram_q0i1.tdf Line: 50
Info (12021): Found 1 design units, including 1 entities, in source file db/alt_synch_pipe_c9l.tdf
    Info (12023): Found entity 1: alt_synch_pipe_c9l File: C:/Users/Profe/Downloads/PAPRIUM project/paprium-pocket/projects/db/alt_synch_pipe_c9l.tdf Line: 27
Info (12128): Elaborating entity "alt_synch_pipe_c9l" for hierarchy "core_top:ic|data_loader:save_data_loader|dcfifo:dcfifo_component|dcfifo_26o1:auto_generated|alt_synch_pipe_c9l:rs_dgwp" File: C:/Users/Profe/Downloads/PAPRIUM project/paprium-pocket/projects/db/dcfifo_26o1.tdf Line: 73
Info (12021): Found 1 design units, including 1 entities, in source file db/dffpipe_tu8.tdf
    Info (12023): Found entity 1: dffpipe_tu8 File: C:/Users/Profe/Downloads/PAPRIUM project/paprium-pocket/projects/db/dffpipe_tu8.tdf Line: 25
Info (12128): Elaborating entity "dffpipe_tu8" for hierarchy "core_top:ic|data_loader:save_data_loader|dcfifo:dcfifo_component|dcfifo_26o1:auto_generated|alt_synch_pipe_c9l:rs_dgwp|dffpipe_tu8:dffpipe3" File: C:/Users/Profe/Downloads/PAPRIUM project/paprium-pocket/projects/db/alt_synch_pipe_c9l.tdf Line: 34
Info (12128): Elaborating entity "data_unloader" for hierarchy "core_top:ic|data_unloader:save_data_unloader" File: C:/Users/Profe/Downloads/PAPRIUM project/paprium-pocket/target/pocket/core_top.sv Line: 882
Warning (10230): Verilog HDL assignment warning at data_unloader.sv(153): truncated value with size 32 to match size of target (28) File: C:/Users/Profe/Downloads/PAPRIUM project/paprium-pocket/target/pocket/data_unloader.sv Line: 153
Warning (10230): Verilog HDL assignment warning at data_unloader.sv(155): truncated value with size 32 to match size of target (3) File: C:/Users/Profe/Downloads/PAPRIUM project/paprium-pocket/target/pocket/data_unloader.sv Line: 155
Info (10264): Verilog HDL Case Statement information at data_unloader.sv(144): all case item expressions in this case statement are onehot File: C:/Users/Profe/Downloads/PAPRIUM project/paprium-pocket/target/pocket/data_unloader.sv Line: 144
Warning (10230): Verilog HDL assignment warning at data_unloader.sv(180): truncated value with size 32 to match size of target (3) File: C:/Users/Profe/Downloads/PAPRIUM project/paprium-pocket/target/pocket/data_unloader.sv Line: 180
Warning (10230): Verilog HDL assignment warning at data_unloader.sv(183): truncated value with size 32 to match size of target (3) File: C:/Users/Profe/Downloads/PAPRIUM project/paprium-pocket/target/pocket/data_unloader.sv Line: 183
Warning (10230): Verilog HDL assignment warning at data_unloader.sv(208): truncated value with size 32 to match size of target (3) File: C:/Users/Profe/Downloads/PAPRIUM project/paprium-pocket/target/pocket/data_unloader.sv Line: 208
Warning (10230): Verilog HDL assignment warning at data_unloader.sv(210): truncated value with size 32 to match size of target (3) File: C:/Users/Profe/Downloads/PAPRIUM project/paprium-pocket/target/pocket/data_unloader.sv Line: 210
Info (10264): Verilog HDL Case Statement information at data_unloader.sv(189): all case item expressions in this case statement are onehot File: C:/Users/Profe/Downloads/PAPRIUM project/paprium-pocket/target/pocket/data_unloader.sv Line: 189
Warning (10230): Verilog HDL assignment warning at data_unloader.sv(227): truncated value with size 32 to match size of target (6) File: C:/Users/Profe/Downloads/PAPRIUM project/paprium-pocket/target/pocket/data_unloader.sv Line: 227
Warning (10230): Verilog HDL assignment warning at data_unloader.sv(230): truncated value with size 32 to match size of target (6) File: C:/Users/Profe/Downloads/PAPRIUM project/paprium-pocket/target/pocket/data_unloader.sv Line: 230
Info (12128): Elaborating entity "dcfifo" for hierarchy "core_top:ic|data_unloader:save_data_unloader|dcfifo:fifo_address_req" File: C:/Users/Profe/Downloads/PAPRIUM project/paprium-pocket/target/pocket/data_unloader.sv Line: 81
Info (12130): Elaborated megafunction instantiation "core_top:ic|data_unloader:save_data_unloader|dcfifo:fifo_address_req" File: C:/Users/Profe/Downloads/PAPRIUM project/paprium-pocket/target/pocket/data_unloader.sv Line: 81
Info (12133): Instantiated megafunction "core_top:ic|data_unloader:save_data_unloader|dcfifo:fifo_address_req" with the following parameter: File: C:/Users/Profe/Downloads/PAPRIUM project/paprium-pocket/target/pocket/data_unloader.sv Line: 81
    Info (12134): Parameter "clocks_are_synchronized" = "FALSE"
    Info (12134): Parameter "intended_device_family" = "Cyclone V"
    Info (12134): Parameter "lpm_numwords" = "4"
    Info (12134): Parameter "lpm_showahead" = "OFF"
    Info (12134): Parameter "lpm_type" = "dcfifo"
    Info (12134): Parameter "lpm_width" = "28"
    Info (12134): Parameter "lpm_widthu" = "2"
    Info (12134): Parameter "overflow_checking" = "OFF"
    Info (12134): Parameter "rdsync_delaypipe" = "5"
    Info (12134): Parameter "underflow_checking" = "OFF"
    Info (12134): Parameter "use_eab" = "OFF"
    Info (12134): Parameter "wrsync_delaypipe" = "5"
Info (12021): Found 1 design units, including 1 entities, in source file db/dcfifo_46o1.tdf
    Info (12023): Found entity 1: dcfifo_46o1 File: C:/Users/Profe/Downloads/PAPRIUM project/paprium-pocket/projects/db/dcfifo_46o1.tdf Line: 41
Info (12128): Elaborating entity "dcfifo_46o1" for hierarchy "core_top:ic|data_unloader:save_data_unloader|dcfifo:fifo_address_req|dcfifo_46o1:auto_generated" File: c:/intelfpga_lite/21.1/quartus/libraries/megafunctions/dcfifo.tdf Line: 191
Info (12021): Found 1 design units, including 1 entities, in source file db/altsyncram_s0i1.tdf
    Info (12023): Found entity 1: altsyncram_s0i1 File: C:/Users/Profe/Downloads/PAPRIUM project/paprium-pocket/projects/db/altsyncram_s0i1.tdf Line: 29
Info (12128): Elaborating entity "altsyncram_s0i1" for hierarchy "core_top:ic|data_unloader:save_data_unloader|dcfifo:fifo_address_req|dcfifo_46o1:auto_generated|altsyncram_s0i1:fifo_ram" File: C:/Users/Profe/Downloads/PAPRIUM project/paprium-pocket/projects/db/dcfifo_46o1.tdf Line: 54
Info (12021): Found 1 design units, including 1 entities, in source file db/mux_1t7.tdf
    Info (12023): Found entity 1: mux_1t7 File: C:/Users/Profe/Downloads/PAPRIUM project/paprium-pocket/projects/db/mux_1t7.tdf Line: 23
Info (12128): Elaborating entity "mux_1t7" for hierarchy "core_top:ic|data_unloader:save_data_unloader|dcfifo:fifo_address_req|dcfifo_46o1:auto_generated|altsyncram_s0i1:fifo_ram|mux_1t7:output_mux" File: C:/Users/Profe/Downloads/PAPRIUM project/paprium-pocket/projects/db/altsyncram_s0i1.tdf Line: 50
Info (12021): Found 1 design units, including 1 entities, in source file db/alt_synch_pipe_d9l.tdf
    Info (12023): Found entity 1: alt_synch_pipe_d9l File: C:/Users/Profe/Downloads/PAPRIUM project/paprium-pocket/projects/db/alt_synch_pipe_d9l.tdf Line: 27
Info (12128): Elaborating entity "alt_synch_pipe_d9l" for hierarchy "core_top:ic|data_unloader:save_data_unloader|dcfifo:fifo_address_req|dcfifo_46o1:auto_generated|alt_synch_pipe_d9l:rs_dgwp" File: C:/Users/Profe/Downloads/PAPRIUM project/paprium-pocket/projects/db/dcfifo_46o1.tdf Line: 73
Info (12021): Found 1 design units, including 1 entities, in source file db/dffpipe_uu8.tdf
    Info (12023): Found entity 1: dffpipe_uu8 File: C:/Users/Profe/Downloads/PAPRIUM project/paprium-pocket/projects/db/dffpipe_uu8.tdf Line: 25
Info (12128): Elaborating entity "dffpipe_uu8" for hierarchy "core_top:ic|data_unloader:save_data_unloader|dcfifo:fifo_address_req|dcfifo_46o1:auto_generated|alt_synch_pipe_d9l:rs_dgwp|dffpipe_uu8:dffpipe3" File: C:/Users/Profe/Downloads/PAPRIUM project/paprium-pocket/projects/db/alt_synch_pipe_d9l.tdf Line: 34
Info (12128): Elaborating entity "dcfifo" for hierarchy "core_top:ic|data_unloader:save_data_unloader|dcfifo:fifo_data_response" File: C:/Users/Profe/Downloads/PAPRIUM project/paprium-pocket/target/pocket/data_unloader.sv Line: 113
Info (12130): Elaborated megafunction instantiation "core_top:ic|data_unloader:save_data_unloader|dcfifo:fifo_data_response" File: C:/Users/Profe/Downloads/PAPRIUM project/paprium-pocket/target/pocket/data_unloader.sv Line: 113
Info (12133): Instantiated megafunction "core_top:ic|data_unloader:save_data_unloader|dcfifo:fifo_data_response" with the following parameter: File: C:/Users/Profe/Downloads/PAPRIUM project/paprium-pocket/target/pocket/data_unloader.sv Line: 113
    Info (12134): Parameter "clocks_are_synchronized" = "FALSE"
    Info (12134): Parameter "intended_device_family" = "Cyclone V"
    Info (12134): Parameter "lpm_numwords" = "4"
    Info (12134): Parameter "lpm_showahead" = "OFF"
    Info (12134): Parameter "lpm_type" = "dcfifo"
    Info (12134): Parameter "lpm_width" = "8"
    Info (12134): Parameter "lpm_widthu" = "2"
    Info (12134): Parameter "overflow_checking" = "OFF"
    Info (12134): Parameter "rdsync_delaypipe" = "5"
    Info (12134): Parameter "underflow_checking" = "OFF"
    Info (12134): Parameter "use_eab" = "OFF"
    Info (12134): Parameter "wrsync_delaypipe" = "5"
Info (12021): Found 1 design units, including 1 entities, in source file db/dcfifo_03o1.tdf
    Info (12023): Found entity 1: dcfifo_03o1 File: C:/Users/Profe/Downloads/PAPRIUM project/paprium-pocket/projects/db/dcfifo_03o1.tdf Line: 41
Info (12128): Elaborating entity "dcfifo_03o1" for hierarchy "core_top:ic|data_unloader:save_data_unloader|dcfifo:fifo_data_response|dcfifo_03o1:auto_generated" File: c:/intelfpga_lite/21.1/quartus/libraries/megafunctions/dcfifo.tdf Line: 191
Info (12021): Found 1 design units, including 1 entities, in source file db/altsyncram_oth1.tdf
    Info (12023): Found entity 1: altsyncram_oth1 File: C:/Users/Profe/Downloads/PAPRIUM project/paprium-pocket/projects/db/altsyncram_oth1.tdf Line: 29
Info (12128): Elaborating entity "altsyncram_oth1" for hierarchy "core_top:ic|data_unloader:save_data_unloader|dcfifo:fifo_data_response|dcfifo_03o1:auto_generated|altsyncram_oth1:fifo_ram" File: C:/Users/Profe/Downloads/PAPRIUM project/paprium-pocket/projects/db/dcfifo_03o1.tdf Line: 54
Info (12021): Found 1 design units, including 1 entities, in source file db/mux_fr7.tdf
    Info (12023): Found entity 1: mux_fr7 File: C:/Users/Profe/Downloads/PAPRIUM project/paprium-pocket/projects/db/mux_fr7.tdf Line: 23
Info (12128): Elaborating entity "mux_fr7" for hierarchy "core_top:ic|data_unloader:save_data_unloader|dcfifo:fifo_data_response|dcfifo_03o1:auto_generated|altsyncram_oth1:fifo_ram|mux_fr7:output_mux" File: C:/Users/Profe/Downloads/PAPRIUM project/paprium-pocket/projects/db/altsyncram_oth1.tdf Line: 50
Info (12021): Found 1 design units, including 1 entities, in source file db/alt_synch_pipe_e9l.tdf
    Info (12023): Found entity 1: alt_synch_pipe_e9l File: C:/Users/Profe/Downloads/PAPRIUM project/paprium-pocket/projects/db/alt_synch_pipe_e9l.tdf Line: 27
Info (12128): Elaborating entity "alt_synch_pipe_e9l" for hierarchy "core_top:ic|data_unloader:save_data_unloader|dcfifo:fifo_data_response|dcfifo_03o1:auto_generated|alt_synch_pipe_e9l:rs_dgwp" File: C:/Users/Profe/Downloads/PAPRIUM project/paprium-pocket/projects/db/dcfifo_03o1.tdf Line: 73
Info (12021): Found 1 design units, including 1 entities, in source file db/dffpipe_vu8.tdf
    Info (12023): Found entity 1: dffpipe_vu8 File: C:/Users/Profe/Downloads/PAPRIUM project/paprium-pocket/projects/db/dffpipe_vu8.tdf Line: 25
Info (12128): Elaborating entity "dffpipe_vu8" for hierarchy "core_top:ic|data_unloader:save_data_unloader|dcfifo:fifo_data_response|dcfifo_03o1:auto_generated|alt_synch_pipe_e9l:rs_dgwp|dffpipe_vu8:dffpipe3" File: C:/Users/Profe/Downloads/PAPRIUM project/paprium-pocket/projects/db/alt_synch_pipe_e9l.tdf Line: 34
Info (12128): Elaborating entity "data_loader" for hierarchy "core_top:ic|data_loader:cdda.cdda_hdr_loader" File: C:/Users/Profe/Downloads/PAPRIUM project/paprium-pocket/target/pocket/core_top.sv Line: 1069
Warning (10230): Verilog HDL assignment warning at data_loader.sv(143): truncated value with size 32 to match size of target (28) File: C:/Users/Profe/Downloads/PAPRIUM project/paprium-pocket/target/pocket/data_loader.sv Line: 143
Warning (10230): Verilog HDL assignment warning at data_loader.sv(145): truncated value with size 32 to match size of target (3) File: C:/Users/Profe/Downloads/PAPRIUM project/paprium-pocket/target/pocket/data_loader.sv Line: 145
Info (10264): Verilog HDL Case Statement information at data_loader.sv(132): all case item expressions in this case statement are onehot File: C:/Users/Profe/Downloads/PAPRIUM project/paprium-pocket/target/pocket/data_loader.sv Line: 132
Warning (10230): Verilog HDL assignment warning at data_loader.sv(172): truncated value with size 32 to match size of target (6) File: C:/Users/Profe/Downloads/PAPRIUM project/paprium-pocket/target/pocket/data_loader.sv Line: 172
Warning (10230): Verilog HDL assignment warning at data_loader.sv(175): truncated value with size 32 to match size of target (6) File: C:/Users/Profe/Downloads/PAPRIUM project/paprium-pocket/target/pocket/data_loader.sv Line: 175
Warning (10230): Verilog HDL assignment warning at data_loader.sv(189): truncated value with size 28 to match size of target (5) File: C:/Users/Profe/Downloads/PAPRIUM project/paprium-pocket/target/pocket/data_loader.sv Line: 189
Info (12128): Elaborating entity "synch_3" for hierarchy "core_top:ic|synch_3:cdda.trk_num_synch" File: C:/Users/Profe/Downloads/PAPRIUM project/paprium-pocket/target/pocket/core_top.sv Line: 1089
Warning (10230): Verilog HDL assignment warning at common.v(74): truncated value with size 8 to match size of target (1) File: C:/Users/Profe/Downloads/PAPRIUM project/paprium-pocket/platform/pocket/common.v Line: 74
Warning (10230): Verilog HDL assignment warning at common.v(75): truncated value with size 8 to match size of target (1) File: C:/Users/Profe/Downloads/PAPRIUM project/paprium-pocket/platform/pocket/common.v Line: 75
Info (12128): Elaborating entity "paprium_cdda_fetch" for hierarchy "core_top:ic|paprium_cdda_fetch:cdda.cdda_fetch" File: C:/Users/Profe/Downloads/PAPRIUM project/paprium-pocket/target/pocket/core_top.sv Line: 1128
Info (12128): Elaborating entity "synch_3" for hierarchy "core_top:ic|paprium_cdda_fetch:cdda.cdda_fetch|synch_3:rd_chunk_synch" File: C:/Users/Profe/Downloads/PAPRIUM project/paprium-pocket/rtl/PAPRIUM/paprium_cdda_fetch.sv Line: 176
Warning (10230): Verilog HDL assignment warning at common.v(74): truncated value with size 3 to match size of target (1) File: C:/Users/Profe/Downloads/PAPRIUM project/paprium-pocket/platform/pocket/common.v Line: 74
Warning (10230): Verilog HDL assignment warning at common.v(75): truncated value with size 3 to match size of target (1) File: C:/Users/Profe/Downloads/PAPRIUM project/paprium-pocket/platform/pocket/common.v Line: 75
Info (12128): Elaborating entity "data_loader" for hierarchy "core_top:ic|data_loader:cdda.cdda_data_loader" File: C:/Users/Profe/Downloads/PAPRIUM project/paprium-pocket/target/pocket/core_top.sv Line: 1151
Warning (10230): Verilog HDL assignment warning at data_loader.sv(143): truncated value with size 32 to match size of target (28) File: C:/Users/Profe/Downloads/PAPRIUM project/paprium-pocket/target/pocket/data_loader.sv Line: 143
Warning (10230): Verilog HDL assignment warning at data_loader.sv(145): truncated value with size 32 to match size of target (3) File: C:/Users/Profe/Downloads/PAPRIUM project/paprium-pocket/target/pocket/data_loader.sv Line: 145
Info (10264): Verilog HDL Case Statement information at data_loader.sv(132): all case item expressions in this case statement are onehot File: C:/Users/Profe/Downloads/PAPRIUM project/paprium-pocket/target/pocket/data_loader.sv Line: 132
Warning (10230): Verilog HDL assignment warning at data_loader.sv(172): truncated value with size 32 to match size of target (6) File: C:/Users/Profe/Downloads/PAPRIUM project/paprium-pocket/target/pocket/data_loader.sv Line: 172
Warning (10230): Verilog HDL assignment warning at data_loader.sv(175): truncated value with size 32 to match size of target (6) File: C:/Users/Profe/Downloads/PAPRIUM project/paprium-pocket/target/pocket/data_loader.sv Line: 175
Warning (10230): Verilog HDL assignment warning at data_loader.sv(189): truncated value with size 28 to match size of target (14) File: C:/Users/Profe/Downloads/PAPRIUM project/paprium-pocket/target/pocket/data_loader.sv Line: 189
Info (12128): Elaborating entity "paprium_cdda_buf" for hierarchy "core_top:ic|paprium_cdda_buf:cdda.cdda_buf" File: C:/Users/Profe/Downloads/PAPRIUM project/paprium-pocket/target/pocket/core_top.sv Line: 1178
Info (12128): Elaborating entity "dpram_dif" for hierarchy "core_top:ic|paprium_cdda_buf:cdda.cdda_buf|dpram_dif:ring" File: C:/Users/Profe/Downloads/PAPRIUM project/paprium-pocket/rtl/PAPRIUM/paprium_cdda_buf.sv Line: 86
Info (12128): Elaborating entity "altsyncram" for hierarchy "core_top:ic|paprium_cdda_buf:cdda.cdda_buf|dpram_dif:ring|altsyncram:altsyncram_component" File: C:/Users/Profe/Downloads/PAPRIUM project/paprium-pocket/rtl/upstream/bram.vhd Line: 198
Info (12130): Elaborated megafunction instantiation "core_top:ic|paprium_cdda_buf:cdda.cdda_buf|dpram_dif:ring|altsyncram:altsyncram_component" File: C:/Users/Profe/Downloads/PAPRIUM project/paprium-pocket/rtl/upstream/bram.vhd Line: 198
Info (12133): Instantiated megafunction "core_top:ic|paprium_cdda_buf:cdda.cdda_buf|dpram_dif:ring|altsyncram:altsyncram_component" with the following parameter: File: C:/Users/Profe/Downloads/PAPRIUM project/paprium-pocket/rtl/upstream/bram.vhd Line: 198
    Info (12134): Parameter "address_aclr_a" = "UNUSED"
    Info (12134): Parameter "address_aclr_b" = "NONE"
    Info (12134): Parameter "address_reg_b" = "CLOCK1"
    Info (12134): Parameter "byte_size" = "8"
    Info (12134): Parameter "byteena_aclr_a" = "UNUSED"
    Info (12134): Parameter "byteena_aclr_b" = "NONE"
    Info (12134): Parameter "byteena_reg_b" = "CLOCK1"
    Info (12134): Parameter "clock_enable_core_a" = "USE_INPUT_CLKEN"
    Info (12134): Parameter "clock_enable_core_b" = "USE_INPUT_CLKEN"
    Info (12134): Parameter "clock_enable_input_a" = "NORMAL"
    Info (12134): Parameter "clock_enable_input_b" = "NORMAL"
    Info (12134): Parameter "clock_enable_output_a" = "BYPASS"
    Info (12134): Parameter "clock_enable_output_b" = "BYPASS"
    Info (12134): Parameter "intended_device_family" = "Cyclone V"
    Info (12134): Parameter "ecc_pipeline_stage_enabled" = "FALSE"
    Info (12134): Parameter "enable_ecc" = "FALSE"
    Info (12134): Parameter "implement_in_les" = "OFF"
    Info (12134): Parameter "indata_aclr_a" = "UNUSED"
    Info (12134): Parameter "indata_aclr_b" = "NONE"
    Info (12134): Parameter "indata_reg_b" = "CLOCK1"
    Info (12134): Parameter "init_file" = " "
    Info (12134): Parameter "init_file_layout" = "PORT_A"
    Info (12134): Parameter "maximum_depth" = "0"
    Info (12134): Parameter "numwords_a" = "8192"
    Info (12134): Parameter "numwords_b" = "16384"
    Info (12134): Parameter "operation_mode" = "BIDIR_DUAL_PORT"
    Info (12134): Parameter "outdata_aclr_a" = "NONE"
    Info (12134): Parameter "outdata_aclr_b" = "NONE"
    Info (12134): Parameter "outdata_reg_a" = "UNREGISTERED"
    Info (12134): Parameter "outdata_reg_b" = "UNREGISTERED"
    Info (12134): Parameter "power_up_uninitialized" = "FALSE"
    Info (12134): Parameter "ram_block_type" = "AUTO"
    Info (12134): Parameter "rdcontrol_aclr_b" = "NONE"
    Info (12134): Parameter "rdcontrol_reg_b" = "CLOCK1"
    Info (12134): Parameter "read_during_write_mode_mixed_ports" = "DONT_CARE"
    Info (12134): Parameter "read_during_write_mode_port_a" = "NEW_DATA_NO_NBE_READ"
    Info (12134): Parameter "read_during_write_mode_port_b" = "NEW_DATA_NO_NBE_READ"
    Info (12134): Parameter "stratixiv_m144k_allow_dual_clocks" = "ON"
    Info (12134): Parameter "width_a" = "16"
    Info (12134): Parameter "width_b" = "8"
    Info (12134): Parameter "width_byteena_a" = "2"
    Info (12134): Parameter "width_byteena_b" = "1"
    Info (12134): Parameter "width_eccstatus" = "3"
    Info (12134): Parameter "widthad_a" = "13"
    Info (12134): Parameter "widthad_b" = "14"
    Info (12134): Parameter "wrcontrol_aclr_a" = "UNUSED"
    Info (12134): Parameter "wrcontrol_aclr_b" = "NONE"
    Info (12134): Parameter "wrcontrol_wraddress_reg_b" = "CLOCK1"
    Info (12134): Parameter "lpm_hint" = "UNUSED"
    Info (12134): Parameter "lpm_type" = "altsyncram"
Info (12021): Found 1 design units, including 1 entities, in source file db/altsyncram_ob54.tdf
    Info (12023): Found entity 1: altsyncram_ob54 File: C:/Users/Profe/Downloads/PAPRIUM project/paprium-pocket/projects/db/altsyncram_ob54.tdf Line: 34
Info (12128): Elaborating entity "altsyncram_ob54" for hierarchy "core_top:ic|paprium_cdda_buf:cdda.cdda_buf|dpram_dif:ring|altsyncram:altsyncram_component|altsyncram_ob54:auto_generated" File: c:/intelfpga_lite/21.1/quartus/libraries/megafunctions/altsyncram.tdf Line: 792
Info (12021): Found 1 design units, including 1 entities, in source file db/decode_tma.tdf
    Info (12023): Found entity 1: decode_tma File: C:/Users/Profe/Downloads/PAPRIUM project/paprium-pocket/projects/db/decode_tma.tdf Line: 23
Info (12128): Elaborating entity "decode_tma" for hierarchy "core_top:ic|paprium_cdda_buf:cdda.cdda_buf|dpram_dif:ring|altsyncram:altsyncram_component|altsyncram_ob54:auto_generated|decode_tma:decode2" File: C:/Users/Profe/Downloads/PAPRIUM project/paprium-pocket/projects/db/altsyncram_ob54.tdf Line: 54
Info (12021): Found 1 design units, including 1 entities, in source file db/mux_sib.tdf
    Info (12023): Found entity 1: mux_sib File: C:/Users/Profe/Downloads/PAPRIUM project/paprium-pocket/projects/db/mux_sib.tdf Line: 23
Info (12128): Elaborating entity "mux_sib" for hierarchy "core_top:ic|paprium_cdda_buf:cdda.cdda_buf|dpram_dif:ring|altsyncram:altsyncram_component|altsyncram_ob54:auto_generated|mux_sib:mux4" File: C:/Users/Profe/Downloads/PAPRIUM project/paprium-pocket/projects/db/altsyncram_ob54.tdf Line: 56
Info (12021): Found 1 design units, including 1 entities, in source file db/mux_dhb.tdf
    Info (12023): Found entity 1: mux_dhb File: C:/Users/Profe/Downloads/PAPRIUM project/paprium-pocket/projects/db/mux_dhb.tdf Line: 23
Info (12128): Elaborating entity "mux_dhb" for hierarchy "core_top:ic|paprium_cdda_buf:cdda.cdda_buf|dpram_dif:ring|altsyncram:altsyncram_component|altsyncram_ob54:auto_generated|mux_dhb:mux5" File: C:/Users/Profe/Downloads/PAPRIUM project/paprium-pocket/projects/db/altsyncram_ob54.tdf Line: 57
Info (12128): Elaborating entity "paprium_ima_decode" for hierarchy "core_top:ic|paprium_cdda_buf:cdda.cdda_buf|paprium_ima_decode:decoder" File: C:/Users/Profe/Downloads/PAPRIUM project/paprium-pocket/rtl/PAPRIUM/paprium_cdda_buf.sv Line: 168
Info (12128): Elaborating entity "paprium_cdda_play" for hierarchy "core_top:ic|paprium_cdda_play:cdda.cdda_play" File: C:/Users/Profe/Downloads/PAPRIUM project/paprium-pocket/target/pocket/core_top.sv Line: 1202
Info (12128): Elaborating entity "cartridge" for hierarchy "core_top:ic|cartridge:cartridge" File: C:/Users/Profe/Downloads/PAPRIUM project/paprium-pocket/target/pocket/core_top.sv Line: 1302
Warning (10036): Verilog HDL or VHDL warning at cartridge.sv(274): object "sram_addr" assigned a value but never read File: C:/Users/Profe/Downloads/PAPRIUM project/paprium-pocket/rtl/cartridge.sv Line: 274
Warning (10036): Verilog HDL or VHDL warning at cartridge.sv(275): object "sram_di" assigned a value but never read File: C:/Users/Profe/Downloads/PAPRIUM project/paprium-pocket/rtl/cartridge.sv Line: 275
Warning (10036): Verilog HDL or VHDL warning at cartridge.sv(311): object "svp_dram_q" assigned a value but never read File: C:/Users/Profe/Downloads/PAPRIUM project/paprium-pocket/rtl/cartridge.sv Line: 311
Warning (10036): Verilog HDL or VHDL warning at cartridge.sv(442): object "svp_dtack_n" assigned a value but never read File: C:/Users/Profe/Downloads/PAPRIUM project/paprium-pocket/rtl/cartridge.sv Line: 442
Warning (10036): Verilog HDL or VHDL warning at cartridge.sv(444): object "svp_dram_a" assigned a value but never read File: C:/Users/Profe/Downloads/PAPRIUM project/paprium-pocket/rtl/cartridge.sv Line: 444
Warning (10036): Verilog HDL or VHDL warning at cartridge.sv(445): object "svp_dram_do" assigned a value but never read File: C:/Users/Profe/Downloads/PAPRIUM project/paprium-pocket/rtl/cartridge.sv Line: 445
Warning (10036): Verilog HDL or VHDL warning at cartridge.sv(446): object "svp_dram_we" assigned a value but never read File: C:/Users/Profe/Downloads/PAPRIUM project/paprium-pocket/rtl/cartridge.sv Line: 446
Warning (10036): Verilog HDL or VHDL warning at cartridge.sv(662): object "eeprom_scl" assigned a value but never read File: C:/Users/Profe/Downloads/PAPRIUM project/paprium-pocket/rtl/cartridge.sv Line: 662
Warning (10036): Verilog HDL or VHDL warning at cartridge.sv(690): object "eeprom_mask" assigned a value but never read File: C:/Users/Profe/Downloads/PAPRIUM project/paprium-pocket/rtl/cartridge.sv Line: 690
Warning (10036): Verilog HDL or VHDL warning at cartridge.sv(735): object "ep_si" assigned a value but never read File: C:/Users/Profe/Downloads/PAPRIUM project/paprium-pocket/rtl/cartridge.sv Line: 735
Warning (10036): Verilog HDL or VHDL warning at cartridge.sv(735): object "ep_sck" assigned a value but never read File: C:/Users/Profe/Downloads/PAPRIUM project/paprium-pocket/rtl/cartridge.sv Line: 735
Warning (10036): Verilog HDL or VHDL warning at cartridge.sv(735): object "ep_hold" assigned a value but never read File: C:/Users/Profe/Downloads/PAPRIUM project/paprium-pocket/rtl/cartridge.sv Line: 735
Warning (10036): Verilog HDL or VHDL warning at cartridge.sv(735): object "ep_cs" assigned a value but never read File: C:/Users/Profe/Downloads/PAPRIUM project/paprium-pocket/rtl/cartridge.sv Line: 735
Warning (10036): Verilog HDL or VHDL warning at cartridge.sv(888): object "sram00_quirk" assigned a value but never read File: C:/Users/Profe/Downloads/PAPRIUM project/paprium-pocket/rtl/cartridge.sv Line: 888
Warning (10230): Verilog HDL assignment warning at cartridge.sv(526): truncated value with size 32 to match size of target (1) File: C:/Users/Profe/Downloads/PAPRIUM project/paprium-pocket/rtl/cartridge.sv Line: 526
Warning (10230): Verilog HDL assignment warning at cartridge.sv(528): truncated value with size 32 to match size of target (1) File: C:/Users/Profe/Downloads/PAPRIUM project/paprium-pocket/rtl/cartridge.sv Line: 528
Info (12128): Elaborating entity "sdram" for hierarchy "core_top:ic|cartridge:cartridge|sdram:sdram" File: C:/Users/Profe/Downloads/PAPRIUM project/paprium-pocket/rtl/cartridge.sv Line: 167
Info (12128): Elaborating entity "altddio_out" for hierarchy "core_top:ic|cartridge:cartridge|sdram:sdram|altddio_out:sdramclk_ddr" File: C:/Users/Profe/Downloads/PAPRIUM project/paprium-pocket/rtl/sdram.sv Line: 306
Info (12130): Elaborated megafunction instantiation "core_top:ic|cartridge:cartridge|sdram:sdram|altddio_out:sdramclk_ddr" File: C:/Users/Profe/Downloads/PAPRIUM project/paprium-pocket/rtl/sdram.sv Line: 306
Info (12133): Instantiated megafunction "core_top:ic|cartridge:cartridge|sdram:sdram|altddio_out:sdramclk_ddr" with the following parameter: File: C:/Users/Profe/Downloads/PAPRIUM project/paprium-pocket/rtl/sdram.sv Line: 306
    Info (12134): Parameter "extend_oe_disable" = "OFF"
    Info (12134): Parameter "intended_device_family" = "Cyclone V"
    Info (12134): Parameter "invert_output" = "OFF"
    Info (12134): Parameter "lpm_hint" = "UNUSED"
    Info (12134): Parameter "lpm_type" = "altddio_out"
    Info (12134): Parameter "oe_reg" = "UNREGISTERED"
    Info (12134): Parameter "power_up_high" = "OFF"
    Info (12134): Parameter "width" = "1"
Info (12021): Found 1 design units, including 1 entities, in source file db/ddio_out_b2j.tdf
    Info (12023): Found entity 1: ddio_out_b2j File: C:/Users/Profe/Downloads/PAPRIUM project/paprium-pocket/projects/db/ddio_out_b2j.tdf Line: 28
Info (12128): Elaborating entity "ddio_out_b2j" for hierarchy "core_top:ic|cartridge:cartridge|sdram:sdram|altddio_out:sdramclk_ddr|ddio_out_b2j:auto_generated" File: c:/intelfpga_lite/21.1/quartus/libraries/megafunctions/altddio_out.tdf Line: 101
Info (12128): Elaborating entity "paprium_cart" for hierarchy "core_top:ic|cartridge:cartridge|paprium_cart:paprium" File: C:/Users/Profe/Downloads/PAPRIUM project/paprium-pocket/rtl/cartridge.sv Line: 600
Info (12128): Elaborating entity "mcu_core" for hierarchy "core_top:ic|cartridge:cartridge|paprium_cart:paprium|mcu_core:mcu_inst" File: C:/Users/Profe/Downloads/PAPRIUM project/paprium-pocket/rtl/PAPRIUM/paprium_cart.sv Line: 203
Warning (10036): Verilog HDL or VHDL warning at mcu_core.sv(129): object "mcu_ce_wrom" assigned a value but never read File: C:/Users/Profe/Downloads/PAPRIUM project/paprium-pocket/rtl/PAPRIUM/mcu_core.sv Line: 129
Warning (10036): Verilog HDL or VHDL warning at mcu_core.sv(130): object "mcu_ce_wram" assigned a value but never read File: C:/Users/Profe/Downloads/PAPRIUM project/paprium-pocket/rtl/PAPRIUM/mcu_core.sv Line: 130
Info (12128): Elaborating entity "neorv32_top_stdlogic" for hierarchy "core_top:ic|cartridge:cartridge|paprium_cart:paprium|mcu_core:mcu_inst|neorv32_top_stdlogic:neorv32_inst" File: C:/Users/Profe/Downloads/PAPRIUM project/paprium-pocket/rtl/PAPRIUM/mcu_core.sv Line: 122
Warning (10541): VHDL Signal Declaration warning at neorv32_top_stdlogic.vhd(164): used implicit default value for signal "mtime_irq_i_int" because signal was never assigned a value or an explicit default value. Use of implicit default value may introduce unintended design optimizations. File: C:/Users/Profe/Downloads/PAPRIUM project/paprium-pocket/rtl/PAPRIUM/risc-v/neorv32_top_stdlogic.vhd Line: 164
Info (12128): Elaborating entity "neorv32_top" for hierarchy "core_top:ic|cartridge:cartridge|paprium_cart:paprium|mcu_core:mcu_inst|neorv32_top_stdlogic:neorv32_inst|neorv32_top:neorv32_top_inst" File: C:/Users/Profe/Downloads/PAPRIUM project/paprium-pocket/rtl/PAPRIUM/risc-v/neorv32_top_stdlogic.vhd Line: 172
Info (12128): Elaborating entity "neorv32_cpu" for hierarchy "core_top:ic|cartridge:cartridge|paprium_cart:paprium|mcu_core:mcu_inst|neorv32_top_stdlogic:neorv32_inst|neorv32_top:neorv32_top_inst|neorv32_cpu:neorv32_cpu_inst" File: C:/Users/Profe/Downloads/PAPRIUM project/paprium-pocket/rtl/PAPRIUM/risc-v/neorv32_top.vhd Line: 316
Warning (10036): Verilog HDL or VHDL warning at neorv32_cpu.vhd(125): object "alu_opb" assigned a value but never read File: C:/Users/Profe/Downloads/PAPRIUM project/paprium-pocket/rtl/PAPRIUM/risc-v/neorv32_cpu.vhd Line: 125
Warning (10036): Verilog HDL or VHDL warning at neorv32_cpu.vhd(146): object "cp2_start" assigned a value but never read File: C:/Users/Profe/Downloads/PAPRIUM project/paprium-pocket/rtl/PAPRIUM/risc-v/neorv32_cpu.vhd Line: 146
Warning (10036): Verilog HDL or VHDL warning at neorv32_cpu.vhd(146): object "cp3_start" assigned a value but never read File: C:/Users/Profe/Downloads/PAPRIUM project/paprium-pocket/rtl/PAPRIUM/risc-v/neorv32_cpu.vhd Line: 146
Info (12128): Elaborating entity "neorv32_cpu_control" for hierarchy "core_top:ic|cartridge:cartridge|paprium_cart:paprium|mcu_core:mcu_inst|neorv32_top_stdlogic:neorv32_inst|neorv32_top:neorv32_top_inst|neorv32_cpu:neorv32_cpu_inst|neorv32_cpu_control:neorv32_cpu_control_inst" File: C:/Users/Profe/Downloads/PAPRIUM project/paprium-pocket/rtl/PAPRIUM/risc-v/neorv32_cpu.vhd Line: 174
Warning (10036): Verilog HDL or VHDL warning at neorv32_cpu_control.vhd(143): object "ci_instr16" assigned a value but never read File: C:/Users/Profe/Downloads/PAPRIUM project/paprium-pocket/rtl/PAPRIUM/risc-v/neorv32_cpu_control.vhd Line: 143
Warning (10037): Verilog HDL or VHDL warning at neorv32_cpu_control.vhd(770): conditional expression evaluates to a constant File: C:/Users/Profe/Downloads/PAPRIUM project/paprium-pocket/rtl/PAPRIUM/risc-v/neorv32_cpu_control.vhd Line: 770
Warning (10631): VHDL Process Statement warning at neorv32_cpu_control.vhd(1572): inferring latch(es) for signal or variable "csr", which holds its previous value in one or more paths through the process File: C:/Users/Profe/Downloads/PAPRIUM project/paprium-pocket/rtl/PAPRIUM/risc-v/neorv32_cpu_control.vhd Line: 1572
Info (12128): Elaborating entity "neorv32_cpu_regfile" for hierarchy "core_top:ic|cartridge:cartridge|paprium_cart:paprium|mcu_core:mcu_inst|neorv32_top_stdlogic:neorv32_inst|neorv32_top:neorv32_top_inst|neorv32_cpu:neorv32_cpu_inst|neorv32_cpu_regfile:neorv32_regfile_inst" File: C:/Users/Profe/Downloads/PAPRIUM project/paprium-pocket/rtl/PAPRIUM/risc-v/neorv32_cpu.vhd Line: 235
Info (12128): Elaborating entity "neorv32_cpu_alu" for hierarchy "core_top:ic|cartridge:cartridge|paprium_cart:paprium|mcu_core:mcu_inst|neorv32_top_stdlogic:neorv32_inst|neorv32_top:neorv32_top_inst|neorv32_cpu:neorv32_cpu_inst|neorv32_cpu_alu:neorv32_cpu_alu_inst" File: C:/Users/Profe/Downloads/PAPRIUM project/paprium-pocket/rtl/PAPRIUM/risc-v/neorv32_cpu.vhd Line: 255
Info (12128): Elaborating entity "neorv32_cpu_cp_muldiv" for hierarchy "core_top:ic|cartridge:cartridge|paprium_cart:paprium|mcu_core:mcu_inst|neorv32_top_stdlogic:neorv32_inst|neorv32_top:neorv32_top_inst|neorv32_cpu:neorv32_cpu_inst|neorv32_cpu_cp_muldiv:\neorv32_cpu_cp_muldiv_inst_true:neorv32_cpu_cp_muldiv_inst" File: C:/Users/Profe/Downloads/PAPRIUM project/paprium-pocket/rtl/PAPRIUM/risc-v/neorv32_cpu.vhd Line: 297
Warning (10037): Verilog HDL or VHDL warning at neorv32_cpu_cp_muldiv.vhd(229): conditional expression evaluates to a constant File: C:/Users/Profe/Downloads/PAPRIUM project/paprium-pocket/rtl/PAPRIUM/risc-v/neorv32_cpu_cp_muldiv.vhd Line: 229
Info (12128): Elaborating entity "neorv32_cpu_bus" for hierarchy "core_top:ic|cartridge:cartridge|paprium_cart:paprium|mcu_core:mcu_inst|neorv32_top_stdlogic:neorv32_inst|neorv32_top:neorv32_top_inst|neorv32_cpu:neorv32_cpu_inst|neorv32_cpu_bus:neorv32_cpu_bus_inst" File: C:/Users/Profe/Downloads/PAPRIUM project/paprium-pocket/rtl/PAPRIUM/risc-v/neorv32_cpu.vhd Line: 358
Info (12128): Elaborating entity "neorv32_busswitch" for hierarchy "core_top:ic|cartridge:cartridge|paprium_cart:paprium|mcu_core:mcu_inst|neorv32_top_stdlogic:neorv32_inst|neorv32_top:neorv32_top_inst|neorv32_busswitch:neorv32_busswitch_inst" File: C:/Users/Profe/Downloads/PAPRIUM project/paprium-pocket/rtl/PAPRIUM/risc-v/neorv32_top.vhd Line: 394
Info (12128): Elaborating entity "neorv32_wishbone" for hierarchy "core_top:ic|cartridge:cartridge|paprium_cart:paprium|mcu_core:mcu_inst|neorv32_top_stdlogic:neorv32_inst|neorv32_top:neorv32_top_inst|neorv32_wishbone:\neorv32_wishbone_inst_true:neorv32_wishbone_inst" File: C:/Users/Profe/Downloads/PAPRIUM project/paprium-pocket/rtl/PAPRIUM/risc-v/neorv32_top.vhd Line: 541
Warning (10651): VHDL Assertion Statement at neorv32_wishbone.vhd(139): assertion is false - report "NEORV32 PROCESSOR CONFIG NOTE: Implementing external memory interface using STANDARD Wishbone protocol with max latency = 127 cycles." (WARNING) File: C:/Users/Profe/Downloads/PAPRIUM project/paprium-pocket/rtl/PAPRIUM/risc-v/neorv32_wishbone.vhd Line: 139
Info (12128): Elaborating entity "neorv32_gpio" for hierarchy "core_top:ic|cartridge:cartridge|paprium_cart:paprium|mcu_core:mcu_inst|neorv32_top_stdlogic:neorv32_inst|neorv32_top:neorv32_top_inst|neorv32_gpio:\neorv32_gpio_inst_true:neorv32_gpio_inst" File: C:/Users/Profe/Downloads/PAPRIUM project/paprium-pocket/rtl/PAPRIUM/risc-v/neorv32_top.vhd Line: 612
Info (12128): Elaborating entity "neorv32_wdt" for hierarchy "core_top:ic|cartridge:cartridge|paprium_cart:paprium|mcu_core:mcu_inst|neorv32_top_stdlogic:neorv32_inst|neorv32_top:neorv32_top_inst|neorv32_wdt:\neorv32_wdt_inst_true:neorv32_wdt_inst" File: C:/Users/Profe/Downloads/PAPRIUM project/paprium-pocket/rtl/PAPRIUM/risc-v/neorv32_top.vhd Line: 643
Info (12128): Elaborating entity "neorv32_mtime" for hierarchy "core_top:ic|cartridge:cartridge|paprium_cart:paprium|mcu_core:mcu_inst|neorv32_top_stdlogic:neorv32_inst|neorv32_top:neorv32_top_inst|neorv32_mtime:\neorv32_mtime_inst_true:neorv32_mtime_inst" File: C:/Users/Profe/Downloads/PAPRIUM project/paprium-pocket/rtl/PAPRIUM/risc-v/neorv32_top.vhd Line: 677
Info (12128): Elaborating entity "neorv32_uart" for hierarchy "core_top:ic|cartridge:cartridge|paprium_cart:paprium|mcu_core:mcu_inst|neorv32_top_stdlogic:neorv32_inst|neorv32_top:neorv32_top_inst|neorv32_uart:\neorv32_uart_inst_true:neorv32_uart_inst" File: C:/Users/Profe/Downloads/PAPRIUM project/paprium-pocket/rtl/PAPRIUM/risc-v/neorv32_top.vhd Line: 708
Warning (10037): Verilog HDL or VHDL warning at neorv32_uart.vhd(296): conditional expression evaluates to a constant File: C:/Users/Profe/Downloads/PAPRIUM project/paprium-pocket/rtl/PAPRIUM/risc-v/neorv32_uart.vhd Line: 296
Warning (10037): Verilog HDL or VHDL warning at neorv32_uart.vhd(299): conditional expression evaluates to a constant File: C:/Users/Profe/Downloads/PAPRIUM project/paprium-pocket/rtl/PAPRIUM/risc-v/neorv32_uart.vhd Line: 299
Warning (10037): Verilog HDL or VHDL warning at neorv32_uart.vhd(305): conditional expression evaluates to a constant File: C:/Users/Profe/Downloads/PAPRIUM project/paprium-pocket/rtl/PAPRIUM/risc-v/neorv32_uart.vhd Line: 305
Warning (10037): Verilog HDL or VHDL warning at neorv32_uart.vhd(308): conditional expression evaluates to a constant File: C:/Users/Profe/Downloads/PAPRIUM project/paprium-pocket/rtl/PAPRIUM/risc-v/neorv32_uart.vhd Line: 308
Warning (10037): Verilog HDL or VHDL warning at neorv32_uart.vhd(314): conditional expression evaluates to a constant File: C:/Users/Profe/Downloads/PAPRIUM project/paprium-pocket/rtl/PAPRIUM/risc-v/neorv32_uart.vhd Line: 314
Info (12128): Elaborating entity "neorv32_sysinfo" for hierarchy "core_top:ic|cartridge:cartridge|paprium_cart:paprium|mcu_core:mcu_inst|neorv32_top_stdlogic:neorv32_inst|neorv32_top:neorv32_top_inst|neorv32_sysinfo:neorv32_sysinfo_inst" File: C:/Users/Profe/Downloads/PAPRIUM project/paprium-pocket/rtl/PAPRIUM/risc-v/neorv32_top.vhd Line: 933
Info (12128): Elaborating entity "mcu_wram" for hierarchy "core_top:ic|cartridge:cartridge|paprium_cart:paprium|mcu_core:mcu_inst|mcu_wram:mcu_wram_inst" File: C:/Users/Profe/Downloads/PAPRIUM project/paprium-pocket/rtl/PAPRIUM/mcu_core.sv Line: 144
Warning (10230): Verilog HDL assignment warning at mcu_core.sv(182): truncated value with size 32 to match size of target (1) File: C:/Users/Profe/Downloads/PAPRIUM project/paprium-pocket/rtl/PAPRIUM/mcu_core.sv Line: 182
Warning (10230): Verilog HDL assignment warning at mcu_core.sv(222): truncated value with size 32 to match size of target (4) File: C:/Users/Profe/Downloads/PAPRIUM project/paprium-pocket/rtl/PAPRIUM/mcu_core.sv Line: 222
Warning (10230): Verilog HDL assignment warning at mcu_core.sv(227): truncated value with size 32 to match size of target (4) File: C:/Users/Profe/Downloads/PAPRIUM project/paprium-pocket/rtl/PAPRIUM/mcu_core.sv Line: 227
Warning (10230): Verilog HDL assignment warning at mcu_core.sv(234): truncated value with size 32 to match size of target (4) File: C:/Users/Profe/Downloads/PAPRIUM project/paprium-pocket/rtl/PAPRIUM/mcu_core.sv Line: 234
Warning (10230): Verilog HDL assignment warning at mcu_core.sv(238): truncated value with size 32 to match size of target (4) File: C:/Users/Profe/Downloads/PAPRIUM project/paprium-pocket/rtl/PAPRIUM/mcu_core.sv Line: 238
Warning (10230): Verilog HDL assignment warning at mcu_core.sv(242): truncated value with size 32 to match size of target (4) File: C:/Users/Profe/Downloads/PAPRIUM project/paprium-pocket/rtl/PAPRIUM/mcu_core.sv Line: 242
Warning (10230): Verilog HDL assignment warning at mcu_core.sv(247): truncated value with size 32 to match size of target (4) File: C:/Users/Profe/Downloads/PAPRIUM project/paprium-pocket/rtl/PAPRIUM/mcu_core.sv Line: 247
Info (12128): Elaborating entity "mcu_irom" for hierarchy "core_top:ic|cartridge:cartridge|paprium_cart:paprium|mcu_core:mcu_inst|mcu_irom:mcu_irom_inst" File: C:/Users/Profe/Downloads/PAPRIUM project/paprium-pocket/rtl/PAPRIUM/mcu_core.sv Line: 156
Warning (10850): Verilog HDL warning at mcu_core.sv(286): number of words (4861) in memory file does not match the number of elements in the address range [0:8191] File: C:/Users/Profe/Downloads/PAPRIUM project/paprium-pocket/rtl/PAPRIUM/mcu_core.sv Line: 286
Warning (10030): Net "rom.data_a" at mcu_core.sv(275) has no driver or initial value, using a default initial value '0' File: C:/Users/Profe/Downloads/PAPRIUM project/paprium-pocket/rtl/PAPRIUM/mcu_core.sv Line: 275
Warning (10030): Net "rom.waddr_a" at mcu_core.sv(275) has no driver or initial value, using a default initial value '0' File: C:/Users/Profe/Downloads/PAPRIUM project/paprium-pocket/rtl/PAPRIUM/mcu_core.sv Line: 275
Warning (10030): Net "rom.we_a" at mcu_core.sv(275) has no driver or initial value, using a default initial value '0' File: C:/Users/Profe/Downloads/PAPRIUM project/paprium-pocket/rtl/PAPRIUM/mcu_core.sv Line: 275
Info (12128): Elaborating entity "paprium_wram" for hierarchy "core_top:ic|cartridge:cartridge|paprium_cart:paprium|paprium_wram:wram_inst" File: C:/Users/Profe/Downloads/PAPRIUM project/paprium-pocket/rtl/PAPRIUM/paprium_cart.sv Line: 212
Info (12128): Elaborating entity "fpgio" for hierarchy "core_top:ic|cartridge:cartridge|paprium_cart:paprium|fpgio:fpgio_inst" File: C:/Users/Profe/Downloads/PAPRIUM project/paprium-pocket/rtl/PAPRIUM/paprium_cart.sv Line: 224
Warning (10036): Verilog HDL or VHDL warning at fpgio.sv(24): object "reg_addr" assigned a value but never read File: C:/Users/Profe/Downloads/PAPRIUM project/paprium-pocket/rtl/PAPRIUM/fpgio.sv Line: 24
Warning (10230): Verilog HDL assignment warning at fpgio.sv(43): truncated value with size 32 to match size of target (8) File: C:/Users/Profe/Downloads/PAPRIUM project/paprium-pocket/rtl/PAPRIUM/fpgio.sv Line: 43
Info (12128): Elaborating entity "ramdp_io" for hierarchy "core_top:ic|cartridge:cartridge|paprium_cart:paprium|ramdp_io:ramdp_inst" File: C:/Users/Profe/Downloads/PAPRIUM project/paprium-pocket/rtl/PAPRIUM/paprium_cart.sv Line: 238
Info (12128): Elaborating entity "ram_dp8" for hierarchy "core_top:ic|cartridge:cartridge|paprium_cart:paprium|ramdp_io:ramdp_inst|ram_dp8:ram_dp_0" File: C:/Users/Profe/Downloads/PAPRIUM project/paprium-pocket/rtl/PAPRIUM/ramdp_io.sv Line: 69
Info (12128): Elaborating entity "paprium_mcu_mem" for hierarchy "core_top:ic|cartridge:cartridge|paprium_cart:paprium|paprium_mcu_mem:mem_inst" File: C:/Users/Profe/Downloads/PAPRIUM project/paprium-pocket/rtl/PAPRIUM/paprium_cart.sv Line: 287
Info (12128): Elaborating entity "paprium_backup" for hierarchy "core_top:ic|cartridge:cartridge|paprium_cart:paprium|paprium_backup:backup_inst" File: C:/Users/Profe/Downloads/PAPRIUM project/paprium-pocket/rtl/PAPRIUM/paprium_cart.sv Line: 301
Info (10264): Verilog HDL Case Statement information at paprium_backup.sv(100): all case item expressions in this case statement are onehot File: C:/Users/Profe/Downloads/PAPRIUM project/paprium-pocket/rtl/PAPRIUM/paprium_backup.sv Line: 100
Info (12128): Elaborating entity "dpram_dif" for hierarchy "core_top:ic|cartridge:cartridge|paprium_cart:paprium|paprium_backup:backup_inst|dpram_dif:ram" File: C:/Users/Profe/Downloads/PAPRIUM project/paprium-pocket/rtl/PAPRIUM/paprium_backup.sv Line: 81
Info (12128): Elaborating entity "altsyncram" for hierarchy "core_top:ic|cartridge:cartridge|paprium_cart:paprium|paprium_backup:backup_inst|dpram_dif:ram|altsyncram:altsyncram_component" File: C:/Users/Profe/Downloads/PAPRIUM project/paprium-pocket/rtl/upstream/bram.vhd Line: 198
Info (12130): Elaborated megafunction instantiation "core_top:ic|cartridge:cartridge|paprium_cart:paprium|paprium_backup:backup_inst|dpram_dif:ram|altsyncram:altsyncram_component" File: C:/Users/Profe/Downloads/PAPRIUM project/paprium-pocket/rtl/upstream/bram.vhd Line: 198
Info (12133): Instantiated megafunction "core_top:ic|cartridge:cartridge|paprium_cart:paprium|paprium_backup:backup_inst|dpram_dif:ram|altsyncram:altsyncram_component" with the following parameter: File: C:/Users/Profe/Downloads/PAPRIUM project/paprium-pocket/rtl/upstream/bram.vhd Line: 198
    Info (12134): Parameter "address_aclr_a" = "UNUSED"
    Info (12134): Parameter "address_aclr_b" = "NONE"
    Info (12134): Parameter "address_reg_b" = "CLOCK1"
    Info (12134): Parameter "byte_size" = "8"
    Info (12134): Parameter "byteena_aclr_a" = "UNUSED"
    Info (12134): Parameter "byteena_aclr_b" = "NONE"
    Info (12134): Parameter "byteena_reg_b" = "CLOCK1"
    Info (12134): Parameter "clock_enable_core_a" = "USE_INPUT_CLKEN"
    Info (12134): Parameter "clock_enable_core_b" = "USE_INPUT_CLKEN"
    Info (12134): Parameter "clock_enable_input_a" = "NORMAL"
    Info (12134): Parameter "clock_enable_input_b" = "NORMAL"
    Info (12134): Parameter "clock_enable_output_a" = "BYPASS"
    Info (12134): Parameter "clock_enable_output_b" = "BYPASS"
    Info (12134): Parameter "intended_device_family" = "Cyclone V"
    Info (12134): Parameter "ecc_pipeline_stage_enabled" = "FALSE"
    Info (12134): Parameter "enable_ecc" = "FALSE"
    Info (12134): Parameter "implement_in_les" = "OFF"
    Info (12134): Parameter "indata_aclr_a" = "UNUSED"
    Info (12134): Parameter "indata_aclr_b" = "NONE"
    Info (12134): Parameter "indata_reg_b" = "CLOCK1"
    Info (12134): Parameter "init_file" = " "
    Info (12134): Parameter "init_file_layout" = "PORT_A"
    Info (12134): Parameter "maximum_depth" = "0"
    Info (12134): Parameter "numwords_a" = "2048"
    Info (12134): Parameter "numwords_b" = "4096"
    Info (12134): Parameter "operation_mode" = "BIDIR_DUAL_PORT"
    Info (12134): Parameter "outdata_aclr_a" = "NONE"
    Info (12134): Parameter "outdata_aclr_b" = "NONE"
    Info (12134): Parameter "outdata_reg_a" = "UNREGISTERED"
    Info (12134): Parameter "outdata_reg_b" = "UNREGISTERED"
    Info (12134): Parameter "power_up_uninitialized" = "FALSE"
    Info (12134): Parameter "ram_block_type" = "AUTO"
    Info (12134): Parameter "rdcontrol_aclr_b" = "NONE"
    Info (12134): Parameter "rdcontrol_reg_b" = "CLOCK1"
    Info (12134): Parameter "read_during_write_mode_mixed_ports" = "DONT_CARE"
    Info (12134): Parameter "read_during_write_mode_port_a" = "NEW_DATA_NO_NBE_READ"
    Info (12134): Parameter "read_during_write_mode_port_b" = "NEW_DATA_NO_NBE_READ"
    Info (12134): Parameter "stratixiv_m144k_allow_dual_clocks" = "ON"
    Info (12134): Parameter "width_a" = "16"
    Info (12134): Parameter "width_b" = "8"
    Info (12134): Parameter "width_byteena_a" = "2"
    Info (12134): Parameter "width_byteena_b" = "1"
    Info (12134): Parameter "width_eccstatus" = "3"
    Info (12134): Parameter "widthad_a" = "11"
    Info (12134): Parameter "widthad_b" = "12"
    Info (12134): Parameter "wrcontrol_aclr_a" = "UNUSED"
    Info (12134): Parameter "wrcontrol_aclr_b" = "NONE"
    Info (12134): Parameter "wrcontrol_wraddress_reg_b" = "CLOCK1"
    Info (12134): Parameter "lpm_hint" = "UNUSED"
    Info (12134): Parameter "lpm_type" = "altsyncram"
Info (12021): Found 1 design units, including 1 entities, in source file db/altsyncram_r954.tdf
    Info (12023): Found entity 1: altsyncram_r954 File: C:/Users/Profe/Downloads/PAPRIUM project/paprium-pocket/projects/db/altsyncram_r954.tdf Line: 34
Info (12128): Elaborating entity "altsyncram_r954" for hierarchy "core_top:ic|cartridge:cartridge|paprium_cart:paprium|paprium_backup:backup_inst|dpram_dif:ram|altsyncram:altsyncram_component|altsyncram_r954:auto_generated" File: c:/intelfpga_lite/21.1/quartus/libraries/megafunctions/altsyncram.tdf Line: 792
Info (12021): Found 1 design units, including 1 entities, in source file db/decode_8la.tdf
    Info (12023): Found entity 1: decode_8la File: C:/Users/Profe/Downloads/PAPRIUM project/paprium-pocket/projects/db/decode_8la.tdf Line: 23
Info (12128): Elaborating entity "decode_8la" for hierarchy "core_top:ic|cartridge:cartridge|paprium_cart:paprium|paprium_backup:backup_inst|dpram_dif:ram|altsyncram:altsyncram_component|altsyncram_r954:auto_generated|decode_8la:decode2" File: C:/Users/Profe/Downloads/PAPRIUM project/paprium-pocket/projects/db/altsyncram_r954.tdf Line: 54
Info (12021): Found 1 design units, including 1 entities, in source file db/mux_7hb.tdf
    Info (12023): Found entity 1: mux_7hb File: C:/Users/Profe/Downloads/PAPRIUM project/paprium-pocket/projects/db/mux_7hb.tdf Line: 23
Info (12128): Elaborating entity "mux_7hb" for hierarchy "core_top:ic|cartridge:cartridge|paprium_cart:paprium|paprium_backup:backup_inst|dpram_dif:ram|altsyncram:altsyncram_component|altsyncram_r954:auto_generated|mux_7hb:mux4" File: C:/Users/Profe/Downloads/PAPRIUM project/paprium-pocket/projects/db/altsyncram_r954.tdf Line: 56
Info (12021): Found 1 design units, including 1 entities, in source file db/mux_ofb.tdf
    Info (12023): Found entity 1: mux_ofb File: C:/Users/Profe/Downloads/PAPRIUM project/paprium-pocket/projects/db/mux_ofb.tdf Line: 23
Info (12128): Elaborating entity "mux_ofb" for hierarchy "core_top:ic|cartridge:cartridge|paprium_cart:paprium|paprium_backup:backup_inst|dpram_dif:ram|altsyncram:altsyncram_component|altsyncram_r954:auto_generated|mux_ofb:mux5" File: C:/Users/Profe/Downloads/PAPRIUM project/paprium-pocket/projects/db/altsyncram_r954.tdf Line: 57
Info (12128): Elaborating entity "dac_clocker" for hierarchy "core_top:ic|cartridge:cartridge|paprium_cart:paprium|dac_clocker:sfx_on.snd_48000" File: C:/Users/Profe/Downloads/PAPRIUM project/paprium-pocket/rtl/PAPRIUM/paprium_cart.sv Line: 324
Info (12128): Elaborating entity "clk_dvp" for hierarchy "core_top:ic|cartridge:cartridge|paprium_cart:paprium|dac_clocker:sfx_on.snd_48000|clk_dvp:clk_dvp_inst" File: C:/Users/Profe/Downloads/PAPRIUM project/paprium-pocket/rtl/PAPRIUM/audio_clock.sv Line: 67
Warning (10230): Verilog HDL assignment warning at audio_clock.sv(17): truncated value with size 64 to match size of target (32) File: C:/Users/Profe/Downloads/PAPRIUM project/paprium-pocket/rtl/PAPRIUM/audio_clock.sv Line: 17
Warning (10230): Verilog HDL assignment warning at audio_clock.sv(27): truncated value with size 64 to match size of target (32) File: C:/Users/Profe/Downloads/PAPRIUM project/paprium-pocket/rtl/PAPRIUM/audio_clock.sv Line: 27
Warning (10230): Verilog HDL assignment warning at audio_clock.sv(31): truncated value with size 64 to match size of target (32) File: C:/Users/Profe/Downloads/PAPRIUM project/paprium-pocket/rtl/PAPRIUM/audio_clock.sv Line: 31
Info (12128): Elaborating entity "audio_sfx" for hierarchy "core_top:ic|cartridge:cartridge|paprium_cart:paprium|audio_sfx:sfx_on.sfx_inst" File: C:/Users/Profe/Downloads/PAPRIUM project/paprium-pocket/rtl/PAPRIUM/paprium_cart.sv Line: 336
Info (12128): Elaborating entity "aclk_bank" for hierarchy "core_top:ic|cartridge:cartridge|paprium_cart:paprium|audio_sfx:sfx_on.sfx_inst|aclk_bank:aclk_bank_inst" File: C:/Users/Profe/Downloads/PAPRIUM project/paprium-pocket/rtl/PAPRIUM/audio_sfx.sv Line: 44
Info (12128): Elaborating entity "sfx_bank" for hierarchy "core_top:ic|cartridge:cartridge|paprium_cart:paprium|audio_sfx:sfx_on.sfx_inst|sfx_bank:sfx_bank0" File: C:/Users/Profe/Downloads/PAPRIUM project/paprium-pocket/rtl/PAPRIUM/audio_sfx.sv Line: 56
Info (12128): Elaborating entity "sfx_chan" for hierarchy "core_top:ic|cartridge:cartridge|paprium_cart:paprium|audio_sfx:sfx_on.sfx_inst|sfx_bank:sfx_bank0|sfx_chan:sfx_chan0" File: C:/Users/Profe/Downloads/PAPRIUM project/paprium-pocket/rtl/PAPRIUM/audio_sfx.sv Line: 137
Warning (10230): Verilog HDL assignment warning at audio_sfx.sv(199): truncated value with size 32 to match size of target (8) File: C:/Users/Profe/Downloads/PAPRIUM project/paprium-pocket/rtl/PAPRIUM/audio_sfx.sv Line: 199
Warning (10230): Verilog HDL assignment warning at audio_sfx.sv(200): truncated value with size 32 to match size of target (8) File: C:/Users/Profe/Downloads/PAPRIUM project/paprium-pocket/rtl/PAPRIUM/audio_sfx.sv Line: 200
Warning (10230): Verilog HDL assignment warning at audio_sfx.sv(211): truncated value with size 16 to match size of target (11) File: C:/Users/Profe/Downloads/PAPRIUM project/paprium-pocket/rtl/PAPRIUM/audio_sfx.sv Line: 211
Info (12128): Elaborating entity "sfx_fifo_ram" for hierarchy "core_top:ic|cartridge:cartridge|paprium_cart:paprium|audio_sfx:sfx_on.sfx_inst|sfx_bank:sfx_bank0|sfx_chan:sfx_chan0|sfx_fifo_ram:pcm_buff" File: C:/Users/Profe/Downloads/PAPRIUM project/paprium-pocket/rtl/PAPRIUM/audio_sfx.sv Line: 240
Info (12128): Elaborating entity "mix_bank" for hierarchy "core_top:ic|cartridge:cartridge|paprium_cart:paprium|audio_sfx:sfx_on.sfx_inst|mix_bank:mix_bank0" File: C:/Users/Profe/Downloads/PAPRIUM project/paprium-pocket/rtl/PAPRIUM/audio_sfx.sv Line: 73
Info (10264): Verilog HDL Case Statement information at audio_sfx.sv(326): all case item expressions in this case statement are onehot File: C:/Users/Profe/Downloads/PAPRIUM project/paprium-pocket/rtl/PAPRIUM/audio_sfx.sv Line: 326
Info (12128): Elaborating entity "mix_mono" for hierarchy "core_top:ic|cartridge:cartridge|paprium_cart:paprium|audio_sfx:sfx_on.sfx_inst|mix_bank:mix_bank0|mix_mono:mix_mono_inst" File: C:/Users/Profe/Downloads/PAPRIUM project/paprium-pocket/rtl/PAPRIUM/audio_sfx.sv Line: 356
Warning (10230): Verilog HDL assignment warning at audio_sfx.sv(414): truncated value with size 32 to match size of target (16) File: C:/Users/Profe/Downloads/PAPRIUM project/paprium-pocket/rtl/PAPRIUM/audio_sfx.sv Line: 414
Warning (10230): Verilog HDL assignment warning at audio_sfx.sv(415): truncated value with size 32 to match size of target (16) File: C:/Users/Profe/Downloads/PAPRIUM project/paprium-pocket/rtl/PAPRIUM/audio_sfx.sv Line: 415
Info (12128): Elaborating entity "paprium_mdp_adapter" for hierarchy "core_top:ic|cartridge:cartridge|paprium_cart:paprium|paprium_mdp_adapter:mdp_adapter_inst" File: C:/Users/Profe/Downloads/PAPRIUM project/paprium-pocket/rtl/PAPRIUM/paprium_cart.sv Line: 379
Info (12128): Elaborating entity "dpram" for hierarchy "core_top:ic|dpram:ram_68k" File: C:/Users/Profe/Downloads/PAPRIUM project/paprium-pocket/target/pocket/core_top.sv Line: 1338
Info (12128): Elaborating entity "dpram_dif" for hierarchy "core_top:ic|dpram:ram_68k|dpram_dif:ram" File: C:/Users/Profe/Downloads/PAPRIUM project/paprium-pocket/rtl/upstream/bram.vhd Line: 145
Info (12128): Elaborating entity "altsyncram" for hierarchy "core_top:ic|dpram:ram_68k|dpram_dif:ram|altsyncram:altsyncram_component" File: C:/Users/Profe/Downloads/PAPRIUM project/paprium-pocket/rtl/upstream/bram.vhd Line: 198
Info (12130): Elaborated megafunction instantiation "core_top:ic|dpram:ram_68k|dpram_dif:ram|altsyncram:altsyncram_component" File: C:/Users/Profe/Downloads/PAPRIUM project/paprium-pocket/rtl/upstream/bram.vhd Line: 198
Info (12133): Instantiated megafunction "core_top:ic|dpram:ram_68k|dpram_dif:ram|altsyncram:altsyncram_component" with the following parameter: File: C:/Users/Profe/Downloads/PAPRIUM project/paprium-pocket/rtl/upstream/bram.vhd Line: 198
    Info (12134): Parameter "address_aclr_a" = "UNUSED"
    Info (12134): Parameter "address_aclr_b" = "NONE"
    Info (12134): Parameter "address_reg_b" = "CLOCK1"
    Info (12134): Parameter "byte_size" = "8"
    Info (12134): Parameter "byteena_aclr_a" = "UNUSED"
    Info (12134): Parameter "byteena_aclr_b" = "NONE"
    Info (12134): Parameter "byteena_reg_b" = "CLOCK1"
    Info (12134): Parameter "clock_enable_core_a" = "USE_INPUT_CLKEN"
    Info (12134): Parameter "clock_enable_core_b" = "USE_INPUT_CLKEN"
    Info (12134): Parameter "clock_enable_input_a" = "NORMAL"
    Info (12134): Parameter "clock_enable_input_b" = "NORMAL"
    Info (12134): Parameter "clock_enable_output_a" = "BYPASS"
    Info (12134): Parameter "clock_enable_output_b" = "BYPASS"
    Info (12134): Parameter "intended_device_family" = "Cyclone V"
    Info (12134): Parameter "ecc_pipeline_stage_enabled" = "FALSE"
    Info (12134): Parameter "enable_ecc" = "FALSE"
    Info (12134): Parameter "implement_in_les" = "OFF"
    Info (12134): Parameter "indata_aclr_a" = "UNUSED"
    Info (12134): Parameter "indata_aclr_b" = "NONE"
    Info (12134): Parameter "indata_reg_b" = "CLOCK1"
    Info (12134): Parameter "init_file" = " "
    Info (12134): Parameter "init_file_layout" = "PORT_A"
    Info (12134): Parameter "maximum_depth" = "0"
    Info (12134): Parameter "numwords_a" = "32768"
    Info (12134): Parameter "numwords_b" = "32768"
    Info (12134): Parameter "operation_mode" = "BIDIR_DUAL_PORT"
    Info (12134): Parameter "outdata_aclr_a" = "NONE"
    Info (12134): Parameter "outdata_aclr_b" = "NONE"
    Info (12134): Parameter "outdata_reg_a" = "UNREGISTERED"
    Info (12134): Parameter "outdata_reg_b" = "UNREGISTERED"
    Info (12134): Parameter "power_up_uninitialized" = "FALSE"
    Info (12134): Parameter "ram_block_type" = "AUTO"
    Info (12134): Parameter "rdcontrol_aclr_b" = "NONE"
    Info (12134): Parameter "rdcontrol_reg_b" = "CLOCK1"
    Info (12134): Parameter "read_during_write_mode_mixed_ports" = "DONT_CARE"
    Info (12134): Parameter "read_during_write_mode_port_a" = "NEW_DATA_NO_NBE_READ"
    Info (12134): Parameter "read_during_write_mode_port_b" = "NEW_DATA_NO_NBE_READ"
    Info (12134): Parameter "stratixiv_m144k_allow_dual_clocks" = "ON"
    Info (12134): Parameter "width_a" = "16"
    Info (12134): Parameter "width_b" = "16"
    Info (12134): Parameter "width_byteena_a" = "2"
    Info (12134): Parameter "width_byteena_b" = "2"
    Info (12134): Parameter "width_eccstatus" = "3"
    Info (12134): Parameter "widthad_a" = "15"
    Info (12134): Parameter "widthad_b" = "15"
    Info (12134): Parameter "wrcontrol_aclr_a" = "UNUSED"
    Info (12134): Parameter "wrcontrol_aclr_b" = "NONE"
    Info (12134): Parameter "wrcontrol_wraddress_reg_b" = "CLOCK1"
    Info (12134): Parameter "lpm_hint" = "UNUSED"
    Info (12134): Parameter "lpm_type" = "altsyncram"
Info (12021): Found 1 design units, including 1 entities, in source file db/altsyncram_5f54.tdf
    Info (12023): Found entity 1: altsyncram_5f54 File: C:/Users/Profe/Downloads/PAPRIUM project/paprium-pocket/projects/db/altsyncram_5f54.tdf Line: 32
Info (12128): Elaborating entity "altsyncram_5f54" for hierarchy "core_top:ic|dpram:ram_68k|dpram_dif:ram|altsyncram:altsyncram_component|altsyncram_5f54:auto_generated" File: c:/intelfpga_lite/21.1/quartus/libraries/megafunctions/altsyncram.tdf Line: 792
Info (12128): Elaborating entity "dpram" for hierarchy "core_top:ic|dpram:ram_z80" File: C:/Users/Profe/Downloads/PAPRIUM project/paprium-pocket/target/pocket/core_top.sv Line: 1354
Info (12128): Elaborating entity "dpram_dif" for hierarchy "core_top:ic|dpram:ram_z80|dpram_dif:ram" File: C:/Users/Profe/Downloads/PAPRIUM project/paprium-pocket/rtl/upstream/bram.vhd Line: 145
Info (12128): Elaborating entity "altsyncram" for hierarchy "core_top:ic|dpram:ram_z80|dpram_dif:ram|altsyncram:altsyncram_component" File: C:/Users/Profe/Downloads/PAPRIUM project/paprium-pocket/rtl/upstream/bram.vhd Line: 198
Info (12130): Elaborated megafunction instantiation "core_top:ic|dpram:ram_z80|dpram_dif:ram|altsyncram:altsyncram_component" File: C:/Users/Profe/Downloads/PAPRIUM project/paprium-pocket/rtl/upstream/bram.vhd Line: 198
Info (12133): Instantiated megafunction "core_top:ic|dpram:ram_z80|dpram_dif:ram|altsyncram:altsyncram_component" with the following parameter: File: C:/Users/Profe/Downloads/PAPRIUM project/paprium-pocket/rtl/upstream/bram.vhd Line: 198
    Info (12134): Parameter "address_aclr_a" = "UNUSED"
    Info (12134): Parameter "address_aclr_b" = "NONE"
    Info (12134): Parameter "address_reg_b" = "CLOCK1"
    Info (12134): Parameter "byte_size" = "8"
    Info (12134): Parameter "byteena_aclr_a" = "UNUSED"
    Info (12134): Parameter "byteena_aclr_b" = "NONE"
    Info (12134): Parameter "byteena_reg_b" = "CLOCK1"
    Info (12134): Parameter "clock_enable_core_a" = "USE_INPUT_CLKEN"
    Info (12134): Parameter "clock_enable_core_b" = "USE_INPUT_CLKEN"
    Info (12134): Parameter "clock_enable_input_a" = "NORMAL"
    Info (12134): Parameter "clock_enable_input_b" = "NORMAL"
    Info (12134): Parameter "clock_enable_output_a" = "BYPASS"
    Info (12134): Parameter "clock_enable_output_b" = "BYPASS"
    Info (12134): Parameter "intended_device_family" = "Cyclone V"
    Info (12134): Parameter "ecc_pipeline_stage_enabled" = "FALSE"
    Info (12134): Parameter "enable_ecc" = "FALSE"
    Info (12134): Parameter "implement_in_les" = "OFF"
    Info (12134): Parameter "indata_aclr_a" = "UNUSED"
    Info (12134): Parameter "indata_aclr_b" = "NONE"
    Info (12134): Parameter "indata_reg_b" = "CLOCK1"
    Info (12134): Parameter "init_file" = " "
    Info (12134): Parameter "init_file_layout" = "PORT_A"
    Info (12134): Parameter "maximum_depth" = "0"
    Info (12134): Parameter "numwords_a" = "8192"
    Info (12134): Parameter "numwords_b" = "8192"
    Info (12134): Parameter "operation_mode" = "BIDIR_DUAL_PORT"
    Info (12134): Parameter "outdata_aclr_a" = "NONE"
    Info (12134): Parameter "outdata_aclr_b" = "NONE"
    Info (12134): Parameter "outdata_reg_a" = "UNREGISTERED"
    Info (12134): Parameter "outdata_reg_b" = "UNREGISTERED"
    Info (12134): Parameter "power_up_uninitialized" = "FALSE"
    Info (12134): Parameter "ram_block_type" = "AUTO"
    Info (12134): Parameter "rdcontrol_aclr_b" = "NONE"
    Info (12134): Parameter "rdcontrol_reg_b" = "CLOCK1"
    Info (12134): Parameter "read_during_write_mode_mixed_ports" = "DONT_CARE"
    Info (12134): Parameter "read_during_write_mode_port_a" = "NEW_DATA_NO_NBE_READ"
    Info (12134): Parameter "read_during_write_mode_port_b" = "NEW_DATA_NO_NBE_READ"
    Info (12134): Parameter "stratixiv_m144k_allow_dual_clocks" = "ON"
    Info (12134): Parameter "width_a" = "8"
    Info (12134): Parameter "width_b" = "8"
    Info (12134): Parameter "width_byteena_a" = "1"
    Info (12134): Parameter "width_byteena_b" = "1"
    Info (12134): Parameter "width_eccstatus" = "3"
    Info (12134): Parameter "widthad_a" = "13"
    Info (12134): Parameter "widthad_b" = "13"
    Info (12134): Parameter "wrcontrol_aclr_a" = "UNUSED"
    Info (12134): Parameter "wrcontrol_aclr_b" = "NONE"
    Info (12134): Parameter "wrcontrol_wraddress_reg_b" = "CLOCK1"
    Info (12134): Parameter "lpm_hint" = "UNUSED"
    Info (12134): Parameter "lpm_type" = "altsyncram"
Info (12021): Found 1 design units, including 1 entities, in source file db/altsyncram_l854.tdf
    Info (12023): Found entity 1: altsyncram_l854 File: C:/Users/Profe/Downloads/PAPRIUM project/paprium-pocket/projects/db/altsyncram_l854.tdf Line: 28
Info (12128): Elaborating entity "altsyncram_l854" for hierarchy "core_top:ic|dpram:ram_z80|dpram_dif:ram|altsyncram:altsyncram_component|altsyncram_l854:auto_generated" File: c:/intelfpga_lite/21.1/quartus/libraries/megafunctions/altsyncram.tdf Line: 792
Info (12128): Elaborating entity "synch_3" for hierarchy "core_top:ic|synch_3:cont1_sync" File: C:/Users/Profe/Downloads/PAPRIUM project/paprium-pocket/target/pocket/core_top.sv Line: 1375
Warning (10230): Verilog HDL assignment warning at common.v(74): truncated value with size 32 to match size of target (1) File: C:/Users/Profe/Downloads/PAPRIUM project/paprium-pocket/platform/pocket/common.v Line: 74
Warning (10230): Verilog HDL assignment warning at common.v(75): truncated value with size 32 to match size of target (1) File: C:/Users/Profe/Downloads/PAPRIUM project/paprium-pocket/platform/pocket/common.v Line: 75
Info (12128): Elaborating entity "pad_io" for hierarchy "core_top:ic|pad_io:pad1" File: C:/Users/Profe/Downloads/PAPRIUM project/paprium-pocket/target/pocket/core_top.sv Line: 1432
Info (12128): Elaborating entity "md_board" for hierarchy "core_top:ic|md_board:md_board" File: C:/Users/Profe/Downloads/PAPRIUM project/paprium-pocket/target/pocket/core_top.sv Line: 1603
Info (12128): Elaborating entity "fc1004" for hierarchy "core_top:ic|md_board:md_board|fc1004:ym" File: C:/Users/Profe/Downloads/PAPRIUM project/paprium-pocket/rtl/upstream/nuked-md/md_board.v Line: 493
Info (12128): Elaborating entity "ym7101" for hierarchy "core_top:ic|md_board:md_board|fc1004:ym|ym7101:vdp" File: C:/Users/Profe/Downloads/PAPRIUM project/paprium-pocket/rtl/upstream/nuked-md/fc1004.v Line: 380
Warning (10036): Verilog HDL or VHDL warning at ym7101.v(245): object "w17" assigned a value but never read File: C:/Users/Profe/Downloads/PAPRIUM project/paprium-pocket/rtl/upstream/nuked-md/ym7101.v Line: 245
Warning (10036): Verilog HDL or VHDL warning at ym7101.v(571): object "w262" assigned a value but never read File: C:/Users/Profe/Downloads/PAPRIUM project/paprium-pocket/rtl/upstream/nuked-md/ym7101.v Line: 571
Info (12128): Elaborating entity "ym7101_dff" for hierarchy "core_top:ic|md_board:md_board|fc1004:ym|ym7101:vdp|ym7101_dff:prescaler_dff1" File: C:/Users/Profe/Downloads/PAPRIUM project/paprium-pocket/rtl/upstream/nuked-md/ym7101.v Line: 2294
Info (12128): Elaborating entity "ym_sr_bit" for hierarchy "core_top:ic|md_board:md_board|fc1004:ym|ym7101:vdp|ym_sr_bit:reset_l1" File: C:/Users/Profe/Downloads/PAPRIUM project/paprium-pocket/rtl/upstream/nuked-md/ym7101.v Line: 2366
Info (12128): Elaborating entity "ym_dlatch_1" for hierarchy "core_top:ic|md_board:md_board|fc1004:ym|ym7101:vdp|ym_dlatch_1:dclk_prescaler_l2" File: C:/Users/Profe/Downloads/PAPRIUM project/paprium-pocket/rtl/upstream/nuked-md/ym7101.v Line: 2377
Info (12128): Elaborating entity "ym7101_rs_trig" for hierarchy "core_top:ic|md_board:md_board|fc1004:ym|ym7101:vdp|ym7101_rs_trig:rs1" File: C:/Users/Profe/Downloads/PAPRIUM project/paprium-pocket/rtl/upstream/nuked-md/ym7101.v Line: 2436
Info (12128): Elaborating entity "ym_dlatch_2" for hierarchy "core_top:ic|md_board:md_board|fc1004:ym|ym7101:vdp|ym_dlatch_2:dl8" File: C:/Users/Profe/Downloads/PAPRIUM project/paprium-pocket/rtl/upstream/nuked-md/ym7101.v Line: 2465
Info (12128): Elaborating entity "ym_cnt_bit_load" for hierarchy "core_top:ic|md_board:md_board|fc1004:ym|ym7101:vdp|ym_cnt_bit_load:cnt1" File: C:/Users/Profe/Downloads/PAPRIUM project/paprium-pocket/rtl/upstream/nuked-md/ym7101.v Line: 2663
Info (12128): Elaborating entity "ym_sr_bit_array" for hierarchy "core_top:ic|md_board:md_board|fc1004:ym|ym7101:vdp|ym_cnt_bit_load:cnt1|ym_sr_bit_array:mem" File: C:/Users/Profe/Downloads/PAPRIUM project/paprium-pocket/rtl/upstream/nuked-md/ym_lib.v Line: 514
Info (12128): Elaborating entity "ym_dlatch_1" for hierarchy "core_top:ic|md_board:md_board|fc1004:ym|ym7101:vdp|ym_dlatch_1:dl16" File: C:/Users/Profe/Downloads/PAPRIUM project/paprium-pocket/rtl/upstream/nuked-md/ym7101.v Line: 2717
Info (12128): Elaborating entity "ym_slatch" for hierarchy "core_top:ic|md_board:md_board|fc1004:ym|ym7101:vdp|ym_slatch:sl17" File: C:/Users/Profe/Downloads/PAPRIUM project/paprium-pocket/rtl/upstream/nuked-md/ym7101.v Line: 2741
Info (12128): Elaborating entity "ym_slatch" for hierarchy "core_top:ic|md_board:md_board|fc1004:ym|ym7101:vdp|ym_slatch:sl35" File: C:/Users/Profe/Downloads/PAPRIUM project/paprium-pocket/rtl/upstream/nuked-md/ym7101.v Line: 3014
Info (12128): Elaborating entity "ym_cnt_bit" for hierarchy "core_top:ic|md_board:md_board|fc1004:ym|ym7101:vdp|ym_cnt_bit:cnt2" File: C:/Users/Profe/Downloads/PAPRIUM project/paprium-pocket/rtl/upstream/nuked-md/ym7101.v Line: 3137
Info (12128): Elaborating entity "ym_sr_bit_array" for hierarchy "core_top:ic|md_board:md_board|fc1004:ym|ym7101:vdp|ym_cnt_bit:cnt2|ym_sr_bit_array:mem" File: C:/Users/Profe/Downloads/PAPRIUM project/paprium-pocket/rtl/upstream/nuked-md/ym_lib.v Line: 136
Info (12128): Elaborating entity "ym_slatch" for hierarchy "core_top:ic|md_board:md_board|fc1004:ym|ym7101:vdp|ym_slatch:sl90" File: C:/Users/Profe/Downloads/PAPRIUM project/paprium-pocket/rtl/upstream/nuked-md/ym7101.v Line: 3288
Info (12128): Elaborating entity "ym_slatch_r" for hierarchy "core_top:ic|md_board:md_board|fc1004:ym|ym7101:vdp|ym_slatch_r:sl_hit" File: C:/Users/Profe/Downloads/PAPRIUM project/paprium-pocket/rtl/upstream/nuked-md/ym7101.v Line: 3335
Info (12128): Elaborating entity "ym_slatch_r" for hierarchy "core_top:ic|md_board:md_board|fc1004:ym|ym7101:vdp|ym_slatch_r:sl_test_18" File: C:/Users/Profe/Downloads/PAPRIUM project/paprium-pocket/rtl/upstream/nuked-md/ym7101.v Line: 3340
Info (12128): Elaborating entity "ym_slatch_r" for hierarchy "core_top:ic|md_board:md_board|fc1004:ym|ym7101:vdp|ym_slatch_r:sl_test0" File: C:/Users/Profe/Downloads/PAPRIUM project/paprium-pocket/rtl/upstream/nuked-md/ym7101.v Line: 3342
Info (12128): Elaborating entity "ym_slatch_r" for hierarchy "core_top:ic|md_board:md_board|fc1004:ym|ym7101:vdp|ym_slatch_r:sl_test1" File: C:/Users/Profe/Downloads/PAPRIUM project/paprium-pocket/rtl/upstream/nuked-md/ym7101.v Line: 3344
Info (12128): Elaborating entity "ym_slatch" for hierarchy "core_top:ic|md_board:md_board|fc1004:ym|ym7101:vdp|ym_slatch:sl_code_01" File: C:/Users/Profe/Downloads/PAPRIUM project/paprium-pocket/rtl/upstream/nuked-md/ym7101.v Line: 3346
Info (12128): Elaborating entity "ym_slatch_r" for hierarchy "core_top:ic|md_board:md_board|fc1004:ym|ym7101:vdp|ym_slatch_r:sl_code_234" File: C:/Users/Profe/Downloads/PAPRIUM project/paprium-pocket/rtl/upstream/nuked-md/ym7101.v Line: 3347
Info (12128): Elaborating entity "ym_slatch" for hierarchy "core_top:ic|md_board:md_board|fc1004:ym|ym7101:vdp|ym_slatch:sl_addr_2" File: C:/Users/Profe/Downloads/PAPRIUM project/paprium-pocket/rtl/upstream/nuked-md/ym7101.v Line: 3350
Info (12128): Elaborating entity "ym7101_dff" for hierarchy "core_top:ic|md_board:md_board|fc1004:ym|ym7101:vdp|ym7101_dff:reg_data_1" File: C:/Users/Profe/Downloads/PAPRIUM project/paprium-pocket/rtl/upstream/nuked-md/ym7101.v Line: 3357
Info (12128): Elaborating entity "ym7101_dff" for hierarchy "core_top:ic|md_board:md_board|fc1004:ym|ym7101:vdp|ym7101_dff:reg_data_2" File: C:/Users/Profe/Downloads/PAPRIUM project/paprium-pocket/rtl/upstream/nuked-md/ym7101.v Line: 3360
Info (12128): Elaborating entity "ym_cnt_bit_load" for hierarchy "core_top:ic|md_board:md_board|fc1004:ym|ym7101:vdp|ym_cnt_bit_load:cnt105" File: C:/Users/Profe/Downloads/PAPRIUM project/paprium-pocket/rtl/upstream/nuked-md/ym7101.v Line: 3434
Info (12128): Elaborating entity "ym_sr_bit_array" for hierarchy "core_top:ic|md_board:md_board|fc1004:ym|ym7101:vdp|ym_cnt_bit_load:cnt105|ym_sr_bit_array:mem" File: C:/Users/Profe/Downloads/PAPRIUM project/paprium-pocket/rtl/upstream/nuked-md/ym_lib.v Line: 514
Info (12128): Elaborating entity "ym_sr_bit" for hierarchy "core_top:ic|md_board:md_board|fc1004:ym|ym7101:vdp|ym_sr_bit:sr107" File: C:/Users/Profe/Downloads/PAPRIUM project/paprium-pocket/rtl/upstream/nuked-md/ym7101.v Line: 3441
Info (12128): Elaborating entity "ym_sr_bit" for hierarchy "core_top:ic|md_board:md_board|fc1004:ym|ym7101:vdp|ym_sr_bit:sr135" File: C:/Users/Profe/Downloads/PAPRIUM project/paprium-pocket/rtl/upstream/nuked-md/ym7101.v Line: 3588
Info (12128): Elaborating entity "ym_cnt_bit" for hierarchy "core_top:ic|md_board:md_board|fc1004:ym|ym7101:vdp|ym_cnt_bit:cnt160" File: C:/Users/Profe/Downloads/PAPRIUM project/paprium-pocket/rtl/upstream/nuked-md/ym7101.v Line: 3705
Info (12128): Elaborating entity "ym_sr_bit_array" for hierarchy "core_top:ic|md_board:md_board|fc1004:ym|ym7101:vdp|ym_cnt_bit:cnt160|ym_sr_bit_array:mem" File: C:/Users/Profe/Downloads/PAPRIUM project/paprium-pocket/rtl/upstream/nuked-md/ym_lib.v Line: 136
Info (12128): Elaborating entity "ym_cnt_bit_rs" for hierarchy "core_top:ic|md_board:md_board|fc1004:ym|ym7101:vdp|ym_cnt_bit_rs:cnt166" File: C:/Users/Profe/Downloads/PAPRIUM project/paprium-pocket/rtl/upstream/nuked-md/ym7101.v Line: 3764
Info (12128): Elaborating entity "ym_slatch" for hierarchy "core_top:ic|md_board:md_board|fc1004:ym|ym7101:vdp|ym_slatch:sl180" File: C:/Users/Profe/Downloads/PAPRIUM project/paprium-pocket/rtl/upstream/nuked-md/ym7101.v Line: 4080
Info (12128): Elaborating entity "ym_sr_bit_array" for hierarchy "core_top:ic|md_board:md_board|fc1004:ym|ym7101:vdp|ym_sr_bit_array:sr181" File: C:/Users/Profe/Downloads/PAPRIUM project/paprium-pocket/rtl/upstream/nuked-md/ym7101.v Line: 4082
Info (12128): Elaborating entity "ym_sr_bit_array" for hierarchy "core_top:ic|md_board:md_board|fc1004:ym|ym7101:vdp|ym_sr_bit_array:sr182" File: C:/Users/Profe/Downloads/PAPRIUM project/paprium-pocket/rtl/upstream/nuked-md/ym7101.v Line: 4084
Info (12128): Elaborating entity "ym_slatch" for hierarchy "core_top:ic|md_board:md_board|fc1004:ym|ym7101:vdp|ym_slatch:sl_sa" File: C:/Users/Profe/Downloads/PAPRIUM project/paprium-pocket/rtl/upstream/nuked-md/ym7101.v Line: 4135
Info (12128): Elaborating entity "ym_slatch" for hierarchy "core_top:ic|md_board:md_board|fc1004:ym|ym7101:vdp|ym_slatch:sl_hs" File: C:/Users/Profe/Downloads/PAPRIUM project/paprium-pocket/rtl/upstream/nuked-md/ym7101.v Line: 4159
Info (12128): Elaborating entity "ym_slatch" for hierarchy "core_top:ic|md_board:md_board|fc1004:ym|ym7101:vdp|ym_slatch:sl_whp" File: C:/Users/Profe/Downloads/PAPRIUM project/paprium-pocket/rtl/upstream/nuked-md/ym7101.v Line: 4171
Info (12128): Elaborating entity "ym_sr_bit_array" for hierarchy "core_top:ic|md_board:md_board|fc1004:ym|ym7101:vdp|ym_sr_bit_array:sr212" File: C:/Users/Profe/Downloads/PAPRIUM project/paprium-pocket/rtl/upstream/nuked-md/ym7101.v Line: 4291
Info (12128): Elaborating entity "ym_cnt_bit_load" for hierarchy "core_top:ic|md_board:md_board|fc1004:ym|ym7101:vdp|ym_cnt_bit_load:cnt241" File: C:/Users/Profe/Downloads/PAPRIUM project/paprium-pocket/rtl/upstream/nuked-md/ym7101.v Line: 4395
Info (12128): Elaborating entity "ym_sr_bit_array" for hierarchy "core_top:ic|md_board:md_board|fc1004:ym|ym7101:vdp|ym_cnt_bit_load:cnt241|ym_sr_bit_array:mem" File: C:/Users/Profe/Downloads/PAPRIUM project/paprium-pocket/rtl/upstream/nuked-md/ym_lib.v Line: 514
Info (12128): Elaborating entity "ym_dlatch_1" for hierarchy "core_top:ic|md_board:md_board|fc1004:ym|ym7101:vdp|ym_dlatch_1:dl328" File: C:/Users/Profe/Downloads/PAPRIUM project/paprium-pocket/rtl/upstream/nuked-md/ym7101.v Line: 4791
Info (12128): Elaborating entity "ym_dlatch_1" for hierarchy "core_top:ic|md_board:md_board|fc1004:ym|ym7101:vdp|ym_dlatch_1:dl340" File: C:/Users/Profe/Downloads/PAPRIUM project/paprium-pocket/rtl/upstream/nuked-md/ym7101.v Line: 4848
Info (12128): Elaborating entity "ym_dlatch_2" for hierarchy "core_top:ic|md_board:md_board|fc1004:ym|ym7101:vdp|ym_dlatch_2:dl341_1" File: C:/Users/Profe/Downloads/PAPRIUM project/paprium-pocket/rtl/upstream/nuked-md/ym7101.v Line: 4850
Info (12128): Elaborating entity "ym_dlatch_2" for hierarchy "core_top:ic|md_board:md_board|fc1004:ym|ym7101:vdp|ym_dlatch_2:dl341_2" File: C:/Users/Profe/Downloads/PAPRIUM project/paprium-pocket/rtl/upstream/nuked-md/ym7101.v Line: 4851
Info (12128): Elaborating entity "ym_slatch" for hierarchy "core_top:ic|md_board:md_board|fc1004:ym|ym7101:vdp|ym_slatch:sl343" File: C:/Users/Profe/Downloads/PAPRIUM project/paprium-pocket/rtl/upstream/nuked-md/ym7101.v Line: 4867
Info (12128): Elaborating entity "ym_dlatch_2" for hierarchy "core_top:ic|md_board:md_board|fc1004:ym|ym7101:vdp|ym_dlatch_2:dl344" File: C:/Users/Profe/Downloads/PAPRIUM project/paprium-pocket/rtl/upstream/nuked-md/ym7101.v Line: 4869
Info (12128): Elaborating entity "ym_sr_bit_array" for hierarchy "core_top:ic|md_board:md_board|fc1004:ym|ym7101:vdp|ym_sr_bit_array:sr345" File: C:/Users/Profe/Downloads/PAPRIUM project/paprium-pocket/rtl/upstream/nuked-md/ym7101.v Line: 4885
Info (12128): Elaborating entity "ym_cnt_bit_load" for hierarchy "core_top:ic|md_board:md_board|fc1004:ym|ym7101:vdp|ym_cnt_bit_load:cnt351" File: C:/Users/Profe/Downloads/PAPRIUM project/paprium-pocket/rtl/upstream/nuked-md/ym7101.v Line: 4904
Info (12128): Elaborating entity "ym_sr_bit_array" for hierarchy "core_top:ic|md_board:md_board|fc1004:ym|ym7101:vdp|ym_cnt_bit_load:cnt351|ym_sr_bit_array:mem" File: C:/Users/Profe/Downloads/PAPRIUM project/paprium-pocket/rtl/upstream/nuked-md/ym_lib.v Line: 514
Info (12128): Elaborating entity "ym_sr_bit_array" for hierarchy "core_top:ic|md_board:md_board|fc1004:ym|ym7101:vdp|ym_sr_bit_array:sr365" File: C:/Users/Profe/Downloads/PAPRIUM project/paprium-pocket/rtl/upstream/nuked-md/ym7101.v Line: 4958
Info (12128): Elaborating entity "ym_sr_bit" for hierarchy "core_top:ic|md_board:md_board|fc1004:ym|ym7101:vdp|ym_sr_bit_array:sr365|ym_sr_bit:l1[0].sr" File: C:/Users/Profe/Downloads/PAPRIUM project/paprium-pocket/rtl/upstream/nuked-md/ym_lib.v Line: 106
Info (12128): Elaborating entity "ym_cnt_bit_rev" for hierarchy "core_top:ic|md_board:md_board|fc1004:ym|ym7101:vdp|ym_cnt_bit_rev:cnt371" File: C:/Users/Profe/Downloads/PAPRIUM project/paprium-pocket/rtl/upstream/nuked-md/ym7101.v Line: 4978
Info (12128): Elaborating entity "ym_sr_bit_array" for hierarchy "core_top:ic|md_board:md_board|fc1004:ym|ym7101:vdp|ym_cnt_bit_rev:cnt371|ym_sr_bit_array:mem" File: C:/Users/Profe/Downloads/PAPRIUM project/paprium-pocket/rtl/upstream/nuked-md/ym_lib.v Line: 710
Info (12128): Elaborating entity "ym_sr_bit" for hierarchy "core_top:ic|md_board:md_board|fc1004:ym|ym7101:vdp|ym_sr_bit:sr376" File: C:/Users/Profe/Downloads/PAPRIUM project/paprium-pocket/rtl/upstream/nuked-md/ym7101.v Line: 5012
Info (12128): Elaborating entity "ym_sr_bit_en" for hierarchy "core_top:ic|md_board:md_board|fc1004:ym|ym7101:vdp|ym_sr_bit_en:sr388" File: C:/Users/Profe/Downloads/PAPRIUM project/paprium-pocket/rtl/upstream/nuked-md/ym7101.v Line: 5080
Info (12128): Elaborating entity "ym_sr_bit_en" for hierarchy "core_top:ic|md_board:md_board|fc1004:ym|ym7101:vdp|ym_sr_bit_en:sr403" File: C:/Users/Profe/Downloads/PAPRIUM project/paprium-pocket/rtl/upstream/nuked-md/ym7101.v Line: 5163
Info (12128): Elaborating entity "ym_sr_bit_array" for hierarchy "core_top:ic|md_board:md_board|fc1004:ym|ym7101:vdp|ym_sr_bit_en:sr403|ym_sr_bit_array:mem" File: C:/Users/Profe/Downloads/PAPRIUM project/paprium-pocket/rtl/upstream/nuked-md/ym_lib.v Line: 744
Info (12128): Elaborating entity "ym_cnt_bit_load" for hierarchy "core_top:ic|md_board:md_board|fc1004:ym|ym7101:vdp|ym_cnt_bit_load:cnt420" File: C:/Users/Profe/Downloads/PAPRIUM project/paprium-pocket/rtl/upstream/nuked-md/ym7101.v Line: 5225
Info (12128): Elaborating entity "ym_slatch" for hierarchy "core_top:ic|md_board:md_board|fc1004:ym|ym7101:vdp|ym_slatch:sl425" File: C:/Users/Profe/Downloads/PAPRIUM project/paprium-pocket/rtl/upstream/nuked-md/ym7101.v Line: 5252
Info (12128): Elaborating entity "ym_sr_bit" for hierarchy "core_top:ic|md_board:md_board|fc1004:ym|ym7101:vdp|ym_sr_bit:sr439" File: C:/Users/Profe/Downloads/PAPRIUM project/paprium-pocket/rtl/upstream/nuked-md/ym7101.v Line: 5307
Info (12128): Elaborating entity "ym_dlatch_2" for hierarchy "core_top:ic|md_board:md_board|fc1004:ym|ym7101:vdp|ym_dlatch_2:dl440_1" File: C:/Users/Profe/Downloads/PAPRIUM project/paprium-pocket/rtl/upstream/nuked-md/ym7101.v Line: 5309
Info (12128): Elaborating entity "ym_sr_bit_array" for hierarchy "core_top:ic|md_board:md_board|fc1004:ym|ym7101:vdp|ym_sr_bit_array:sr440" File: C:/Users/Profe/Downloads/PAPRIUM project/paprium-pocket/rtl/upstream/nuked-md/ym7101.v Line: 5310
Info (12128): Elaborating entity "ym_dlatch_2" for hierarchy "core_top:ic|md_board:md_board|fc1004:ym|ym7101:vdp|ym_dlatch_2:dl443_1" File: C:/Users/Profe/Downloads/PAPRIUM project/paprium-pocket/rtl/upstream/nuked-md/ym7101.v Line: 5318
Info (12128): Elaborating entity "ym_sr_bit_array" for hierarchy "core_top:ic|md_board:md_board|fc1004:ym|ym7101:vdp|ym_sr_bit_array:sr443" File: C:/Users/Profe/Downloads/PAPRIUM project/paprium-pocket/rtl/upstream/nuked-md/ym7101.v Line: 5319
Info (12128): Elaborating entity "ym_slatch" for hierarchy "core_top:ic|md_board:md_board|fc1004:ym|ym7101:vdp|ym_slatch:sl473" File: C:/Users/Profe/Downloads/PAPRIUM project/paprium-pocket/rtl/upstream/nuked-md/ym7101.v Line: 5447
Info (12128): Elaborating entity "ym_dlatch_1" for hierarchy "core_top:ic|md_board:md_board|fc1004:ym|ym7101:vdp|ym_dlatch_1:dl504" File: C:/Users/Profe/Downloads/PAPRIUM project/paprium-pocket/rtl/upstream/nuked-md/ym7101.v Line: 5569
Info (12128): Elaborating entity "ym_slatch_t" for hierarchy "core_top:ic|md_board:md_board|fc1004:ym|ym7101:vdp|ym_slatch_t:sl515" File: C:/Users/Profe/Downloads/PAPRIUM project/paprium-pocket/rtl/upstream/nuked-md/ym7101.v Line: 5634
Info (12128): Elaborating entity "ym_dbg_read" for hierarchy "core_top:ic|md_board:md_board|fc1004:ym|ym7101:vdp|ym_dbg_read:sr546" File: C:/Users/Profe/Downloads/PAPRIUM project/paprium-pocket/rtl/upstream/nuked-md/ym7101.v Line: 5901
Info (12128): Elaborating entity "ym_sr_bit" for hierarchy "core_top:ic|md_board:md_board|fc1004:ym|ym7101:vdp|ym_sr_bit:sr618" File: C:/Users/Profe/Downloads/PAPRIUM project/paprium-pocket/rtl/upstream/nuked-md/ym7101.v Line: 6481
Info (12128): Elaborating entity "ym_sr_bit_en" for hierarchy "core_top:ic|md_board:md_board|fc1004:ym|ym7101:vdp|ym_sr_bit_en:sr640" File: C:/Users/Profe/Downloads/PAPRIUM project/paprium-pocket/rtl/upstream/nuked-md/ym7101.v Line: 6825
Info (12128): Elaborating entity "ym_sr_bit_array" for hierarchy "core_top:ic|md_board:md_board|fc1004:ym|ym7101:vdp|ym_sr_bit_en:sr640|ym_sr_bit_array:mem" File: C:/Users/Profe/Downloads/PAPRIUM project/paprium-pocket/rtl/upstream/nuked-md/ym_lib.v Line: 744
Info (12128): Elaborating entity "ym_sr_bit_array" for hierarchy "core_top:ic|md_board:md_board|fc1004:ym|ym7101:vdp|ym_sr_bit_array:vdp_de_delay_m5_sr" File: C:/Users/Profe/Downloads/PAPRIUM project/paprium-pocket/rtl/upstream/nuked-md/ym7101.v Line: 7203
Info (12128): Elaborating entity "ym_sr_bit_array" for hierarchy "core_top:ic|md_board:md_board|fc1004:ym|ym7101:vdp|ym_sr_bit_array:vdp_de_delay_sr" File: C:/Users/Profe/Downloads/PAPRIUM project/paprium-pocket/rtl/upstream/nuked-md/ym7101.v Line: 7208
Info (12128): Elaborating entity "ym3438" for hierarchy "core_top:ic|md_board:md_board|fc1004:ym|ym3438:fm" File: C:/Users/Profe/Downloads/PAPRIUM project/paprium-pocket/rtl/upstream/nuked-md/fc1004.v Line: 405
Info (12128): Elaborating entity "ym3438_prescaler" for hierarchy "core_top:ic|md_board:md_board|fc1004:ym|ym3438:fm|ym3438_prescaler:prescaler" File: C:/Users/Profe/Downloads/PAPRIUM project/paprium-pocket/rtl/upstream/nuked-md/ym3438.v Line: 57
Info (12128): Elaborating entity "ym_sr_bit" for hierarchy "core_top:ic|md_board:md_board|fc1004:ym|ym3438:fm|ym3438_prescaler:prescaler|ym_sr_bit:ic_latch" File: C:/Users/Profe/Downloads/PAPRIUM project/paprium-pocket/rtl/upstream/nuked-md/ym3438_prescaler.v Line: 23
Info (12128): Elaborating entity "ym_sr_bit" for hierarchy "core_top:ic|md_board:md_board|fc1004:ym|ym3438:fm|ym3438_prescaler:prescaler|ym_sr_bit:fsm_res_latch" File: C:/Users/Profe/Downloads/PAPRIUM project/paprium-pocket/rtl/upstream/nuked-md/ym3438_prescaler.v Line: 35
Info (12128): Elaborating entity "ym3438_fsm" for hierarchy "core_top:ic|md_board:md_board|fc1004:ym|ym3438:fm|ym3438_fsm:fsm" File: C:/Users/Profe/Downloads/PAPRIUM project/paprium-pocket/rtl/upstream/nuked-md/ym3438.v Line: 102
Warning (10036): Verilog HDL or VHDL warning at ym3438_fsm.v(30): object "fsm_cnt" assigned a value but never read File: C:/Users/Profe/Downloads/PAPRIUM project/paprium-pocket/rtl/upstream/nuked-md/ym3438_fsm.v Line: 30
Info (12128): Elaborating entity "ym_cnt_bit" for hierarchy "core_top:ic|md_board:md_board|fc1004:ym|ym3438:fm|ym3438_fsm:fsm|ym_cnt_bit:cnt_high" File: C:/Users/Profe/Downloads/PAPRIUM project/paprium-pocket/rtl/upstream/nuked-md/ym3438_fsm.v Line: 54
Info (12128): Elaborating entity "ym_edge_detect" for hierarchy "core_top:ic|md_board:md_board|fc1004:ym|ym3438:fm|ym3438_fsm:fsm|ym_edge_detect:ed" File: C:/Users/Profe/Downloads/PAPRIUM project/paprium-pocket/rtl/upstream/nuked-md/ym3438_fsm.v Line: 94
Info (12128): Elaborating entity "ym3438_io" for hierarchy "core_top:ic|md_board:md_board|fc1004:ym|ym3438:fm|ym3438_io:io" File: C:/Users/Profe/Downloads/PAPRIUM project/paprium-pocket/rtl/upstream/nuked-md/ym3438.v Line: 152
Warning (10230): Verilog HDL assignment warning at ym3438_io.v(215): truncated value with size 32 to match size of target (26) File: C:/Users/Profe/Downloads/PAPRIUM project/paprium-pocket/rtl/upstream/nuked-md/ym3438_io.v Line: 215
Info (12128): Elaborating entity "ym_rs_trig" for hierarchy "core_top:ic|md_board:md_board|fc1004:ym|ym3438:fm|ym3438_io:io|ym_rs_trig:write_a_tr1" File: C:/Users/Profe/Downloads/PAPRIUM project/paprium-pocket/rtl/upstream/nuked-md/ym3438_io.v Line: 49
Info (12128): Elaborating entity "ym_rs_trig_sync" for hierarchy "core_top:ic|md_board:md_board|fc1004:ym|ym3438:fm|ym3438_io:io|ym_rs_trig_sync:write_a_tr2" File: C:/Users/Profe/Downloads/PAPRIUM project/paprium-pocket/rtl/upstream/nuked-md/ym3438_io.v Line: 61
Info (12128): Elaborating entity "ym_cnt_bit" for hierarchy "core_top:ic|md_board:md_board|fc1004:ym|ym3438:fm|ym3438_io:io|ym_cnt_bit:busy_cnt" File: C:/Users/Profe/Downloads/PAPRIUM project/paprium-pocket/rtl/upstream/nuked-md/ym3438_io.v Line: 158
Info (12128): Elaborating entity "ym3438_reg_ctrl" for hierarchy "core_top:ic|md_board:md_board|fc1004:ym|ym3438:fm|ym3438_reg_ctrl:reg_ctrl" File: C:/Users/Profe/Downloads/PAPRIUM project/paprium-pocket/rtl/upstream/nuked-md/ym3438.v Line: 244
Info (12128): Elaborating entity "ym_sr_bit_array" for hierarchy "core_top:ic|md_board:md_board|fc1004:ym|ym3438:fm|ym3438_reg_ctrl:reg_ctrl|ym_sr_bit_array:reg_multi_sr" File: C:/Users/Profe/Downloads/PAPRIUM project/paprium-pocket/rtl/upstream/nuked-md/ym3438_regs.v Line: 172
Info (12128): Elaborating entity "ym3438_op_register" for hierarchy "core_top:ic|md_board:md_board|fc1004:ym|ym3438:fm|ym3438_reg_ctrl:reg_ctrl|ym3438_op_register:reg_multi" File: C:/Users/Profe/Downloads/PAPRIUM project/paprium-pocket/rtl/upstream/nuked-md/ym3438_regs.v Line: 185
Info (12128): Elaborating entity "ym_sr_bit_array" for hierarchy "core_top:ic|md_board:md_board|fc1004:ym|ym3438:fm|ym3438_reg_ctrl:reg_ctrl|ym3438_op_register:reg_multi|ym_sr_bit_array:sr1" File: C:/Users/Profe/Downloads/PAPRIUM project/paprium-pocket/rtl/upstream/nuked-md/ym3438_regs.v Line: 1160
Info (12128): Elaborating entity "ym3438_op_register" for hierarchy "core_top:ic|md_board:md_board|fc1004:ym|ym3438:fm|ym3438_reg_ctrl:reg_ctrl|ym3438_op_register:reg_dt" File: C:/Users/Profe/Downloads/PAPRIUM project/paprium-pocket/rtl/upstream/nuked-md/ym3438_regs.v Line: 198
Info (12128): Elaborating entity "ym_sr_bit_array" for hierarchy "core_top:ic|md_board:md_board|fc1004:ym|ym3438:fm|ym3438_reg_ctrl:reg_ctrl|ym3438_op_register:reg_dt|ym_sr_bit_array:sr1" File: C:/Users/Profe/Downloads/PAPRIUM project/paprium-pocket/rtl/upstream/nuked-md/ym3438_regs.v Line: 1160
Info (12128): Elaborating entity "ym3438_op_register" for hierarchy "core_top:ic|md_board:md_board|fc1004:ym|ym3438:fm|ym3438_reg_ctrl:reg_ctrl|ym3438_op_register:reg_tl" File: C:/Users/Profe/Downloads/PAPRIUM project/paprium-pocket/rtl/upstream/nuked-md/ym3438_regs.v Line: 211
Info (12128): Elaborating entity "ym_sr_bit_array" for hierarchy "core_top:ic|md_board:md_board|fc1004:ym|ym3438:fm|ym3438_reg_ctrl:reg_ctrl|ym3438_op_register:reg_tl|ym_sr_bit_array:sr1" File: C:/Users/Profe/Downloads/PAPRIUM project/paprium-pocket/rtl/upstream/nuked-md/ym3438_regs.v Line: 1160
Info (12128): Elaborating entity "ym3438_op_register" for hierarchy "core_top:ic|md_board:md_board|fc1004:ym|ym3438:fm|ym3438_reg_ctrl:reg_ctrl|ym3438_op_register:reg_ar" File: C:/Users/Profe/Downloads/PAPRIUM project/paprium-pocket/rtl/upstream/nuked-md/ym3438_regs.v Line: 226
Info (12128): Elaborating entity "ym_sr_bit_array" for hierarchy "core_top:ic|md_board:md_board|fc1004:ym|ym3438:fm|ym3438_reg_ctrl:reg_ctrl|ym3438_op_register:reg_ar|ym_sr_bit_array:sr1" File: C:/Users/Profe/Downloads/PAPRIUM project/paprium-pocket/rtl/upstream/nuked-md/ym3438_regs.v Line: 1160
Info (12128): Elaborating entity "ym3438_op_register" for hierarchy "core_top:ic|md_board:md_board|fc1004:ym|ym3438:fm|ym3438_reg_ctrl:reg_ctrl|ym3438_op_register:reg_ks" File: C:/Users/Profe/Downloads/PAPRIUM project/paprium-pocket/rtl/upstream/nuked-md/ym3438_regs.v Line: 239
Info (12128): Elaborating entity "ym_sr_bit_array" for hierarchy "core_top:ic|md_board:md_board|fc1004:ym|ym3438:fm|ym3438_reg_ctrl:reg_ctrl|ym3438_op_register:reg_ks|ym_sr_bit_array:sr1" File: C:/Users/Profe/Downloads/PAPRIUM project/paprium-pocket/rtl/upstream/nuked-md/ym3438_regs.v Line: 1160
Info (12128): Elaborating entity "ym3438_op_register" for hierarchy "core_top:ic|md_board:md_board|fc1004:ym|ym3438:fm|ym3438_reg_ctrl:reg_ctrl|ym3438_op_register:reg_am" File: C:/Users/Profe/Downloads/PAPRIUM project/paprium-pocket/rtl/upstream/nuked-md/ym3438_regs.v Line: 269
Info (12128): Elaborating entity "ym_sr_bit_array" for hierarchy "core_top:ic|md_board:md_board|fc1004:ym|ym3438:fm|ym3438_reg_ctrl:reg_ctrl|ym3438_op_register:reg_am|ym_sr_bit_array:sr1" File: C:/Users/Profe/Downloads/PAPRIUM project/paprium-pocket/rtl/upstream/nuked-md/ym3438_regs.v Line: 1160
Info (12128): Elaborating entity "ym3438_ch_register" for hierarchy "core_top:ic|md_board:md_board|fc1004:ym|ym3438:fm|ym3438_reg_ctrl:reg_ctrl|ym3438_ch_register:reg_fnum" File: C:/Users/Profe/Downloads/PAPRIUM project/paprium-pocket/rtl/upstream/nuked-md/ym3438_regs.v Line: 378
Info (12128): Elaborating entity "ym3438_ch_register" for hierarchy "core_top:ic|md_board:md_board|fc1004:ym|ym3438:fm|ym3438_reg_ctrl:reg_ctrl|ym3438_ch_register:reg_block" File: C:/Users/Profe/Downloads/PAPRIUM project/paprium-pocket/rtl/upstream/nuked-md/ym3438_regs.v Line: 391
Info (12128): Elaborating entity "ym3438_ch_register" for hierarchy "core_top:ic|md_board:md_board|fc1004:ym|ym3438:fm|ym3438_reg_ctrl:reg_ctrl|ym3438_ch_register:reg_ams" File: C:/Users/Profe/Downloads/PAPRIUM project/paprium-pocket/rtl/upstream/nuked-md/ym3438_regs.v Line: 473
Info (12128): Elaborating entity "ym3438_reg_wr_ctrl" for hierarchy "core_top:ic|md_board:md_board|fc1004:ym|ym3438:fm|ym3438_reg_ctrl:reg_ctrl|ym3438_reg_wr_ctrl:reg_21_ctrl" File: C:/Users/Profe/Downloads/PAPRIUM project/paprium-pocket/rtl/upstream/nuked-md/ym3438_regs.v Line: 538
Info (12128): Elaborating entity "ym3438_reg_data" for hierarchy "core_top:ic|md_board:md_board|fc1004:ym|ym3438:fm|ym3438_reg_ctrl:reg_ctrl|ym3438_reg_data:reg_21_data" File: C:/Users/Profe/Downloads/PAPRIUM project/paprium-pocket/rtl/upstream/nuked-md/ym3438_regs.v Line: 549
Info (12128): Elaborating entity "ym3438_reg_wr_ctrl" for hierarchy "core_top:ic|md_board:md_board|fc1004:ym|ym3438:fm|ym3438_reg_ctrl:reg_ctrl|ym3438_reg_wr_ctrl:reg_22_ctrl" File: C:/Users/Profe/Downloads/PAPRIUM project/paprium-pocket/rtl/upstream/nuked-md/ym3438_regs.v Line: 563
Info (12128): Elaborating entity "ym3438_reg_data" for hierarchy "core_top:ic|md_board:md_board|fc1004:ym|ym3438:fm|ym3438_reg_ctrl:reg_ctrl|ym3438_reg_data:reg_22_data" File: C:/Users/Profe/Downloads/PAPRIUM project/paprium-pocket/rtl/upstream/nuked-md/ym3438_regs.v Line: 574
Info (12128): Elaborating entity "ym3438_reg_wr_ctrl" for hierarchy "core_top:ic|md_board:md_board|fc1004:ym|ym3438:fm|ym3438_reg_ctrl:reg_ctrl|ym3438_reg_wr_ctrl:reg_24_ctrl" File: C:/Users/Profe/Downloads/PAPRIUM project/paprium-pocket/rtl/upstream/nuked-md/ym3438_regs.v Line: 590
Info (12128): Elaborating entity "ym3438_reg_wr_ctrl" for hierarchy "core_top:ic|md_board:md_board|fc1004:ym|ym3438:fm|ym3438_reg_ctrl:reg_ctrl|ym3438_reg_wr_ctrl:reg_25_ctrl" File: C:/Users/Profe/Downloads/PAPRIUM project/paprium-pocket/rtl/upstream/nuked-md/ym3438_regs.v Line: 615
Info (12128): Elaborating entity "ym3438_reg_data" for hierarchy "core_top:ic|md_board:md_board|fc1004:ym|ym3438:fm|ym3438_reg_ctrl:reg_ctrl|ym3438_reg_data:reg_25_data" File: C:/Users/Profe/Downloads/PAPRIUM project/paprium-pocket/rtl/upstream/nuked-md/ym3438_regs.v Line: 626
Info (12128): Elaborating entity "ym3438_reg_wr_ctrl" for hierarchy "core_top:ic|md_board:md_board|fc1004:ym|ym3438:fm|ym3438_reg_ctrl:reg_ctrl|ym3438_reg_wr_ctrl:reg_26_ctrl" File: C:/Users/Profe/Downloads/PAPRIUM project/paprium-pocket/rtl/upstream/nuked-md/ym3438_regs.v Line: 642
Info (12128): Elaborating entity "ym3438_reg_wr_ctrl" for hierarchy "core_top:ic|md_board:md_board|fc1004:ym|ym3438:fm|ym3438_reg_ctrl:reg_ctrl|ym3438_reg_wr_ctrl:reg_27_ctrl" File: C:/Users/Profe/Downloads/PAPRIUM project/paprium-pocket/rtl/upstream/nuked-md/ym3438_regs.v Line: 667
Info (12128): Elaborating entity "ym3438_reg_wr_ctrl" for hierarchy "core_top:ic|md_board:md_board|fc1004:ym|ym3438:fm|ym3438_reg_ctrl:reg_ctrl|ym3438_reg_wr_ctrl:reg_28_ctrl" File: C:/Users/Profe/Downloads/PAPRIUM project/paprium-pocket/rtl/upstream/nuked-md/ym3438_regs.v Line: 718
Info (12128): Elaborating entity "ym3438_reg_data" for hierarchy "core_top:ic|md_board:md_board|fc1004:ym|ym3438:fm|ym3438_reg_ctrl:reg_ctrl|ym3438_reg_data:reg_28_ch" File: C:/Users/Profe/Downloads/PAPRIUM project/paprium-pocket/rtl/upstream/nuked-md/ym3438_regs.v Line: 732
Info (12128): Elaborating entity "ym3438_reg_wr_ctrl" for hierarchy "core_top:ic|md_board:md_board|fc1004:ym|ym3438:fm|ym3438_reg_ctrl:reg_ctrl|ym3438_reg_wr_ctrl:reg_2a_ctrl" File: C:/Users/Profe/Downloads/PAPRIUM project/paprium-pocket/rtl/upstream/nuked-md/ym3438_regs.v Line: 757
Info (12128): Elaborating entity "ym3438_reg_data" for hierarchy "core_top:ic|md_board:md_board|fc1004:ym|ym3438:fm|ym3438_reg_ctrl:reg_ctrl|ym3438_reg_data:reg_2a_dac" File: C:/Users/Profe/Downloads/PAPRIUM project/paprium-pocket/rtl/upstream/nuked-md/ym3438_regs.v Line: 768
Info (12128): Elaborating entity "ym3438_reg_wr_ctrl" for hierarchy "core_top:ic|md_board:md_board|fc1004:ym|ym3438:fm|ym3438_reg_ctrl:reg_ctrl|ym3438_reg_wr_ctrl:reg_2b_ctrl" File: C:/Users/Profe/Downloads/PAPRIUM project/paprium-pocket/rtl/upstream/nuked-md/ym3438_regs.v Line: 798
Info (12128): Elaborating entity "ym3438_reg_data" for hierarchy "core_top:ic|md_board:md_board|fc1004:ym|ym3438:fm|ym3438_reg_ctrl:reg_ctrl|ym3438_reg_data:reg_2b_dac_en" File: C:/Users/Profe/Downloads/PAPRIUM project/paprium-pocket/rtl/upstream/nuked-md/ym3438_regs.v Line: 809
Info (12128): Elaborating entity "ym3438_reg_wr_ctrl" for hierarchy "core_top:ic|md_board:md_board|fc1004:ym|ym3438:fm|ym3438_reg_ctrl:reg_ctrl|ym3438_reg_wr_ctrl:reg_2c_ctrl" File: C:/Users/Profe/Downloads/PAPRIUM project/paprium-pocket/rtl/upstream/nuked-md/ym3438_regs.v Line: 823
Info (12128): Elaborating entity "ym3438_reg_data" for hierarchy "core_top:ic|md_board:md_board|fc1004:ym|ym3438:fm|ym3438_reg_ctrl:reg_ctrl|ym3438_reg_data:reg_2c_data" File: C:/Users/Profe/Downloads/PAPRIUM project/paprium-pocket/rtl/upstream/nuked-md/ym3438_regs.v Line: 834
Info (12128): Elaborating entity "ym_sr_bit" for hierarchy "core_top:ic|md_board:md_board|fc1004:ym|ym3438:fm|ym3438_reg_ctrl:reg_ctrl|ym_sr_bit:kon_sr1" File: C:/Users/Profe/Downloads/PAPRIUM project/paprium-pocket/rtl/upstream/nuked-md/ym3438_regs.v Line: 846
Info (12128): Elaborating entity "ym_cnt_bit_load" for hierarchy "core_top:ic|md_board:md_board|fc1004:ym|ym3438:fm|ym3438_reg_ctrl:reg_ctrl|ym_cnt_bit_load:timer_a_cnt" File: C:/Users/Profe/Downloads/PAPRIUM project/paprium-pocket/rtl/upstream/nuked-md/ym3438_regs.v Line: 919
Info (12128): Elaborating entity "ym_cnt_bit" for hierarchy "core_top:ic|md_board:md_board|fc1004:ym|ym3438:fm|ym3438_reg_ctrl:reg_ctrl|ym_cnt_bit:timer_b_subcnt" File: C:/Users/Profe/Downloads/PAPRIUM project/paprium-pocket/rtl/upstream/nuked-md/ym3438_regs.v Line: 998
Info (12128): Elaborating entity "ym3438_lfo" for hierarchy "core_top:ic|md_board:md_board|fc1004:ym|ym3438:fm|ym3438_lfo:lfo" File: C:/Users/Profe/Downloads/PAPRIUM project/paprium-pocket/rtl/upstream/nuked-md/ym3438.v Line: 262
Info (12128): Elaborating entity "ym_dlatch_1" for hierarchy "core_top:ic|md_board:md_board|fc1004:ym|ym3438:fm|ym3438_lfo:lfo|ym_dlatch_1:lfo_pm_add_1_l" File: C:/Users/Profe/Downloads/PAPRIUM project/paprium-pocket/rtl/upstream/nuked-md/ym3438_lfo.v Line: 209
Info (12128): Elaborating entity "ym_dlatch_2" for hierarchy "core_top:ic|md_board:md_board|fc1004:ym|ym3438:fm|ym3438_lfo:lfo|ym_dlatch_2:lfo_pm_sum_l" File: C:/Users/Profe/Downloads/PAPRIUM project/paprium-pocket/rtl/upstream/nuked-md/ym3438_lfo.v Line: 238
Info (12128): Elaborating entity "ym_dlatch_1" for hierarchy "core_top:ic|md_board:md_board|fc1004:ym|ym3438:fm|ym3438_lfo:lfo|ym_dlatch_1:fnum_lfo_l" File: C:/Users/Profe/Downloads/PAPRIUM project/paprium-pocket/rtl/upstream/nuked-md/ym3438_lfo.v Line: 282
Info (12128): Elaborating entity "ym3438_detune" for hierarchy "core_top:ic|md_board:md_board|fc1004:ym|ym3438:fm|ym3438_detune:detune" File: C:/Users/Profe/Downloads/PAPRIUM project/paprium-pocket/rtl/upstream/nuked-md/ym3438.v Line: 299
Info (12128): Elaborating entity "ym3438_pg" for hierarchy "core_top:ic|md_board:md_board|fc1004:ym|ym3438:fm|ym3438_pg:pg" File: C:/Users/Profe/Downloads/PAPRIUM project/paprium-pocket/rtl/upstream/nuked-md/ym3438.v Line: 321
Info (12128): Elaborating entity "ym_dlatch_2" for hierarchy "core_top:ic|md_board:md_board|fc1004:ym|ym3438:fm|ym3438_pg:pg|ym_dlatch_2:freq_l" File: C:/Users/Profe/Downloads/PAPRIUM project/paprium-pocket/rtl/upstream/nuked-md/ym3438_pg.v Line: 67
Info (12128): Elaborating entity "ym_dlatch_1" for hierarchy "core_top:ic|md_board:md_board|fc1004:ym|ym3438:fm|ym3438_pg:pg|ym_dlatch_1:freq_l2" File: C:/Users/Profe/Downloads/PAPRIUM project/paprium-pocket/rtl/upstream/nuked-md/ym3438_pg.v Line: 93
Info (12128): Elaborating entity "ym_dlatch_2" for hierarchy "core_top:ic|md_board:md_board|fc1004:ym|ym3438:fm|ym3438_pg:pg|ym_dlatch_2:freq_multi_add1_l" File: C:/Users/Profe/Downloads/PAPRIUM project/paprium-pocket/rtl/upstream/nuked-md/ym3438_pg.v Line: 228
Info (12128): Elaborating entity "ym_dlatch_2" for hierarchy "core_top:ic|md_board:md_board|fc1004:ym|ym3438:fm|ym3438_pg:pg|ym_dlatch_2:freq_multi_add2_l" File: C:/Users/Profe/Downloads/PAPRIUM project/paprium-pocket/rtl/upstream/nuked-md/ym3438_pg.v Line: 239
Info (12128): Elaborating entity "ym_dlatch_1" for hierarchy "core_top:ic|md_board:md_board|fc1004:ym|ym3438:fm|ym3438_pg:pg|ym_dlatch_1:freq_multi_add3_l2" File: C:/Users/Profe/Downloads/PAPRIUM project/paprium-pocket/rtl/upstream/nuked-md/ym3438_pg.v Line: 319
Info (12128): Elaborating entity "ym_sr_bit_array" for hierarchy "core_top:ic|md_board:md_board|fc1004:ym|ym3438:fm|ym3438_pg:pg|ym_sr_bit_array:pg_values" File: C:/Users/Profe/Downloads/PAPRIUM project/paprium-pocket/rtl/upstream/nuked-md/ym3438_pg.v Line: 370
Info (12128): Elaborating entity "ym_sr_bit" for hierarchy "core_top:ic|md_board:md_board|fc1004:ym|ym3438:fm|ym3438_pg:pg|ym_sr_bit_array:pg_values|ym_sr_bit:l1[0].sr" File: C:/Users/Profe/Downloads/PAPRIUM project/paprium-pocket/rtl/upstream/nuked-md/ym_lib.v Line: 106
Info (12128): Elaborating entity "ym_sr_bit_array" for hierarchy "core_top:ic|md_board:md_board|fc1004:ym|ym3438:fm|ym3438_pg:pg|ym_sr_bit_array:pg_values2" File: C:/Users/Profe/Downloads/PAPRIUM project/paprium-pocket/rtl/upstream/nuked-md/ym3438_pg.v Line: 379
Info (12128): Elaborating entity "ym_dbg_read" for hierarchy "core_top:ic|md_board:md_board|fc1004:ym|ym3438:fm|ym3438_pg:pg|ym_dbg_read:dbg_read" File: C:/Users/Profe/Downloads/PAPRIUM project/paprium-pocket/rtl/upstream/nuked-md/ym3438_pg.v Line: 392
Info (12128): Elaborating entity "ym_sr_bit" for hierarchy "core_top:ic|md_board:md_board|fc1004:ym|ym3438:fm|ym3438_pg:pg|ym_dbg_read:dbg_read|ym_sr_bit_array:mem|ym_sr_bit:l1[0].sr" File: C:/Users/Profe/Downloads/PAPRIUM project/paprium-pocket/rtl/upstream/nuked-md/ym_lib.v Line: 106
Info (12128): Elaborating entity "ym3438_eg" for hierarchy "core_top:ic|md_board:md_board|fc1004:ym|ym3438:fm|ym3438_eg:eg" File: C:/Users/Profe/Downloads/PAPRIUM project/paprium-pocket/rtl/upstream/nuked-md/ym3438.v Line: 359
Warning (10036): Verilog HDL or VHDL warning at ym3438_eg.v(830): object "lfo_sh1" assigned a value but never read File: C:/Users/Profe/Downloads/PAPRIUM project/paprium-pocket/rtl/upstream/nuked-md/ym3438_eg.v Line: 830
Info (12128): Elaborating entity "ym_sr_bit" for hierarchy "core_top:ic|md_board:md_board|fc1004:ym|ym3438:fm|ym3438_eg:eg|ym_sr_bit:eg_timer_sr" File: C:/Users/Profe/Downloads/PAPRIUM project/paprium-pocket/rtl/upstream/nuked-md/ym3438_eg.v Line: 125
Info (12128): Elaborating entity "ym_dlatch_1" for hierarchy "core_top:ic|md_board:md_board|fc1004:ym|ym3438:fm|ym3438_eg:eg|ym_dlatch_1:rate_l" File: C:/Users/Profe/Downloads/PAPRIUM project/paprium-pocket/rtl/upstream/nuked-md/ym3438_eg.v Line: 249
Info (12128): Elaborating entity "ym_dlatch_2" for hierarchy "core_top:ic|md_board:md_board|fc1004:ym|ym3438:fm|ym3438_eg:eg|ym_dlatch_2:rate_sum_l" File: C:/Users/Profe/Downloads/PAPRIUM project/paprium-pocket/rtl/upstream/nuked-md/ym3438_eg.v Line: 281
Info (12128): Elaborating entity "ym_sr_bit" for hierarchy "core_top:ic|md_board:md_board|fc1004:ym|ym3438:fm|ym3438_eg:eg|ym_sr_bit:ssg_inv_sr" File: C:/Users/Profe/Downloads/PAPRIUM project/paprium-pocket/rtl/upstream/nuked-md/ym3438_eg.v Line: 508
Info (12128): Elaborating entity "ym_sr_bit" for hierarchy "core_top:ic|md_board:md_board|fc1004:ym|ym3438:fm|ym3438_eg:eg|ym_sr_bit:okon_sr1" File: C:/Users/Profe/Downloads/PAPRIUM project/paprium-pocket/rtl/upstream/nuked-md/ym3438_eg.v Line: 571
Info (12128): Elaborating entity "ym_sr_bit_array" for hierarchy "core_top:ic|md_board:md_board|fc1004:ym|ym3438:fm|ym3438_eg:eg|ym_sr_bit_array:state_sr1" File: C:/Users/Profe/Downloads/PAPRIUM project/paprium-pocket/rtl/upstream/nuked-md/ym3438_eg.v Line: 593
Info (12128): Elaborating entity "ym_sr_bit_array" for hierarchy "core_top:ic|md_board:md_board|fc1004:ym|ym3438:fm|ym3438_eg:eg|ym_sr_bit_array:state_sr2" File: C:/Users/Profe/Downloads/PAPRIUM project/paprium-pocket/rtl/upstream/nuked-md/ym3438_eg.v Line: 602
Info (12128): Elaborating entity "ym_sr_bit_array" for hierarchy "core_top:ic|md_board:md_board|fc1004:ym|ym3438:fm|ym3438_eg:eg|ym_sr_bit_array:eg_level_sr1" File: C:/Users/Profe/Downloads/PAPRIUM project/paprium-pocket/rtl/upstream/nuked-md/ym3438_eg.v Line: 657
Info (12128): Elaborating entity "ym_sr_bit" for hierarchy "core_top:ic|md_board:md_board|fc1004:ym|ym3438:fm|ym3438_eg:eg|ym_sr_bit_array:eg_level_sr1|ym_sr_bit:l1[0].sr" File: C:/Users/Profe/Downloads/PAPRIUM project/paprium-pocket/rtl/upstream/nuked-md/ym_lib.v Line: 106
Info (12128): Elaborating entity "ym_sr_bit_array" for hierarchy "core_top:ic|md_board:md_board|fc1004:ym|ym3438:fm|ym3438_eg:eg|ym_sr_bit_array:eg_level_sr2" File: C:/Users/Profe/Downloads/PAPRIUM project/paprium-pocket/rtl/upstream/nuked-md/ym3438_eg.v Line: 666
Info (12128): Elaborating entity "ym_dlatch_1" for hierarchy "core_top:ic|md_board:md_board|fc1004:ym|ym3438:fm|ym3438_eg:eg|ym_dlatch_1:ams_l" File: C:/Users/Profe/Downloads/PAPRIUM project/paprium-pocket/rtl/upstream/nuked-md/ym3438_eg.v Line: 810
Info (12128): Elaborating entity "ym_dlatch_1" for hierarchy "core_top:ic|md_board:md_board|fc1004:ym|ym3438:fm|ym3438_eg:eg|ym_dlatch_1:lfo_am_l" File: C:/Users/Profe/Downloads/PAPRIUM project/paprium-pocket/rtl/upstream/nuked-md/ym3438_eg.v Line: 821
Info (12128): Elaborating entity "ym_dbg_read_eg" for hierarchy "core_top:ic|md_board:md_board|fc1004:ym|ym3438:fm|ym3438_eg:eg|ym_dbg_read_eg:dbg_read" File: C:/Users/Profe/Downloads/PAPRIUM project/paprium-pocket/rtl/upstream/nuked-md/ym3438_eg.v Line: 915
Info (12128): Elaborating entity "ym3438_op" for hierarchy "core_top:ic|md_board:md_board|fc1004:ym|ym3438:fm|ym3438_op:op" File: C:/Users/Profe/Downloads/PAPRIUM project/paprium-pocket/rtl/upstream/nuked-md/ym3438.v Line: 383
Info (12128): Elaborating entity "ym_sr_bit_array" for hierarchy "core_top:ic|md_board:md_board|fc1004:ym|ym3438:fm|ym3438_op:op|ym_sr_bit_array:sin_lut_sr" File: C:/Users/Profe/Downloads/PAPRIUM project/paprium-pocket/rtl/upstream/nuked-md/ym3438_op.v Line: 126
Info (12128): Elaborating entity "ym_sr_bit_array" for hierarchy "core_top:ic|md_board:md_board|fc1004:ym|ym3438:fm|ym3438_op:op|ym_sr_bit_array:att_sum_sr" File: C:/Users/Profe/Downloads/PAPRIUM project/paprium-pocket/rtl/upstream/nuked-md/ym3438_op.v Line: 179
Info (12128): Elaborating entity "ym_sr_bit_array" for hierarchy "core_top:ic|md_board:md_board|fc1004:ym|ym3438:fm|ym3438_op:op|ym_sr_bit_array:op_value_sr" File: C:/Users/Profe/Downloads/PAPRIUM project/paprium-pocket/rtl/upstream/nuked-md/ym3438_op.v Line: 338
Info (12128): Elaborating entity "ym_sr_bit_array" for hierarchy "core_top:ic|md_board:md_board|fc1004:ym|ym3438:fm|ym3438_op:op|ym_sr_bit_array:op_op1_1_sr" File: C:/Users/Profe/Downloads/PAPRIUM project/paprium-pocket/rtl/upstream/nuked-md/ym3438_op.v Line: 350
Info (12128): Elaborating entity "ym_sr_bit_array" for hierarchy "core_top:ic|md_board:md_board|fc1004:ym|ym3438:fm|ym3438_op:op|ym_sr_bit_array:op_fm_sr" File: C:/Users/Profe/Downloads/PAPRIUM project/paprium-pocket/rtl/upstream/nuked-md/ym3438_op.v Line: 436
Info (12128): Elaborating entity "ym3438_ch" for hierarchy "core_top:ic|md_board:md_board|fc1004:ym|ym3438:fm|ym3438_ch:ch" File: C:/Users/Profe/Downloads/PAPRIUM project/paprium-pocket/rtl/upstream/nuked-md/ym3438.v Line: 407
Info (12128): Elaborating entity "ym_sr_bit_array" for hierarchy "core_top:ic|md_board:md_board|fc1004:ym|ym3438:fm|ym3438_ch:ch|ym_sr_bit_array:ch_accm_sr" File: C:/Users/Profe/Downloads/PAPRIUM project/paprium-pocket/rtl/upstream/nuked-md/ym3438_ch.v Line: 37
Info (12128): Elaborating entity "ym6045" for hierarchy "core_top:ic|md_board:md_board|fc1004:ym|ym6045:arb" File: C:/Users/Profe/Downloads/PAPRIUM project/paprium-pocket/rtl/upstream/nuked-md/fc1004.v Line: 497
Warning (10036): Verilog HDL or VHDL warning at ym6045.v(195): object "w92" assigned a value but never read File: C:/Users/Profe/Downloads/PAPRIUM project/paprium-pocket/rtl/upstream/nuked-md/ym6045.v Line: 195
Info (12128): Elaborating entity "ym_scnt_bit" for hierarchy "core_top:ic|md_board:md_board|fc1004:ym|ym6045:arb|ym_scnt_bit:dff1" File: C:/Users/Profe/Downloads/PAPRIUM project/paprium-pocket/rtl/upstream/nuked-md/ym6045.v Line: 418
Info (12128): Elaborating entity "ym_sdffr" for hierarchy "core_top:ic|md_board:md_board|fc1004:ym|ym6045:arb|ym_sdffr:dff9" File: C:/Users/Profe/Downloads/PAPRIUM project/paprium-pocket/rtl/upstream/nuked-md/ym6045.v Line: 447
Info (12128): Elaborating entity "ym_sdffs" for hierarchy "core_top:ic|md_board:md_board|fc1004:ym|ym6045:arb|ym_sdffs:dff8" File: C:/Users/Profe/Downloads/PAPRIUM project/paprium-pocket/rtl/upstream/nuked-md/ym6045.v Line: 448
Info (12128): Elaborating entity "ym_delaychain" for hierarchy "core_top:ic|md_board:md_board|fc1004:ym|ym6045:arb|ym_delaychain:d1" File: C:/Users/Profe/Downloads/PAPRIUM project/paprium-pocket/rtl/upstream/nuked-md/ym6045.v Line: 488
Info (12128): Elaborating entity "ym_delaychain" for hierarchy "core_top:ic|md_board:md_board|fc1004:ym|ym6045:arb|ym_delaychain:d3" File: C:/Users/Profe/Downloads/PAPRIUM project/paprium-pocket/rtl/upstream/nuked-md/ym6045.v Line: 490
Info (12128): Elaborating entity "ym_delaychain" for hierarchy "core_top:ic|md_board:md_board|fc1004:ym|ym6045:arb|ym_delaychain:d5" File: C:/Users/Profe/Downloads/PAPRIUM project/paprium-pocket/rtl/upstream/nuked-md/ym6045.v Line: 492
Info (12128): Elaborating entity "ym_delaychain" for hierarchy "core_top:ic|md_board:md_board|fc1004:ym|ym6045:arb|ym_delaychain:d6" File: C:/Users/Profe/Downloads/PAPRIUM project/paprium-pocket/rtl/upstream/nuked-md/ym6045.v Line: 493
Info (12128): Elaborating entity "ym_sdff" for hierarchy "core_top:ic|md_board:md_board|fc1004:ym|ym6045:arb|ym_sdff:dff34" File: C:/Users/Profe/Downloads/PAPRIUM project/paprium-pocket/rtl/upstream/nuked-md/ym6045.v Line: 502
Info (12128): Elaborating entity "ym_sdffr" for hierarchy "core_top:ic|md_board:md_board|fc1004:ym|ym6045:arb|ym_sdffr:z80bank" File: C:/Users/Profe/Downloads/PAPRIUM project/paprium-pocket/rtl/upstream/nuked-md/ym6045.v Line: 841
Info (12128): Elaborating entity "ym6046" for hierarchy "core_top:ic|md_board:md_board|fc1004:ym|ym6046:ioc" File: C:/Users/Profe/Downloads/PAPRIUM project/paprium-pocket/rtl/upstream/nuked-md/fc1004.v Line: 540
Info (12128): Elaborating entity "ym6046_controller_port" for hierarchy "core_top:ic|md_board:md_board|fc1004:ym|ym6046:ioc|ym6046_controller_port:port_a" File: C:/Users/Profe/Downloads/PAPRIUM project/paprium-pocket/rtl/upstream/nuked-md/ym6046.v Line: 172
Info (12128): Elaborating entity "ym_sdffr" for hierarchy "core_top:ic|md_board:md_board|fc1004:ym|ym6046:ioc|ym6046_controller_port:port_a|ym_sdffr:p_control" File: C:/Users/Profe/Downloads/PAPRIUM project/paprium-pocket/rtl/upstream/nuked-md/ym6046.v Line: 426
Info (12128): Elaborating entity "ym_sdffr" for hierarchy "core_top:ic|md_board:md_board|fc1004:ym|ym6046:ioc|ym6046_controller_port:port_a|ym_sdffr:s_control" File: C:/Users/Profe/Downloads/PAPRIUM project/paprium-pocket/rtl/upstream/nuked-md/ym6046.v Line: 436
Info (12128): Elaborating entity "ym_sdffsr" for hierarchy "core_top:ic|md_board:md_board|fc1004:ym|ym6046:ioc|ym6046_controller_port:port_a|ym_sdffsr:tx_state1" File: C:/Users/Profe/Downloads/PAPRIUM project/paprium-pocket/rtl/upstream/nuked-md/ym6046.v Line: 472
Info (12128): Elaborating entity "ym_scnt_bit" for hierarchy "core_top:ic|md_board:md_board|fc1004:ym|ym6046:ioc|ym_scnt_bit:cnt1" File: C:/Users/Profe/Downloads/PAPRIUM project/paprium-pocket/rtl/upstream/nuked-md/ym6046.v Line: 197
Info (12128): Elaborating entity "ym_sdffs" for hierarchy "core_top:ic|md_board:md_board|fc1004:ym|ym6046:ioc|ym_sdffs:reg_3f" File: C:/Users/Profe/Downloads/PAPRIUM project/paprium-pocket/rtl/upstream/nuked-md/ym6046.v Line: 336
Info (12128): Elaborating entity "tmss" for hierarchy "core_top:ic|md_board:md_board|fc1004:ym|tmss:tmss_" File: C:/Users/Profe/Downloads/PAPRIUM project/paprium-pocket/rtl/upstream/nuked-md/fc1004.v Line: 578
Info (12128): Elaborating entity "ym_slatch" for hierarchy "core_top:ic|md_board:md_board|fc1004:ym|tmss:tmss_|ym_slatch:sl1" File: C:/Users/Profe/Downloads/PAPRIUM project/paprium-pocket/rtl/upstream/nuked-md/tmss.v Line: 109
Info (12128): Elaborating entity "m68kcpu" for hierarchy "core_top:ic|md_board:md_board|m68kcpu:m68k" File: C:/Users/Profe/Downloads/PAPRIUM project/paprium-pocket/rtl/upstream/nuked-md/md_board.v Line: 561
Warning (10036): Verilog HDL or VHDL warning at 68k.v(321): object "w295" assigned a value but never read File: C:/Users/Profe/Downloads/PAPRIUM project/paprium-pocket/rtl/upstream/nuked-md/68k.v Line: 321
Warning (10036): Verilog HDL or VHDL warning at 68k.v(1053): object "as_l3" assigned a value but never read File: C:/Users/Profe/Downloads/PAPRIUM project/paprium-pocket/rtl/upstream/nuked-md/68k.v Line: 1053
Warning (10036): Verilog HDL or VHDL warning at 68k.v(1056): object "uds_l3" assigned a value but never read File: C:/Users/Profe/Downloads/PAPRIUM project/paprium-pocket/rtl/upstream/nuked-md/68k.v Line: 1056
Warning (10030): Net "ucode.data_a" at 68k.v(575) has no driver or initial value, using a default initial value '0' File: C:/Users/Profe/Downloads/PAPRIUM project/paprium-pocket/rtl/upstream/nuked-md/68k.v Line: 575
Warning (10030): Net "ucode.waddr_a" at 68k.v(575) has no driver or initial value, using a default initial value '0' File: C:/Users/Profe/Downloads/PAPRIUM project/paprium-pocket/rtl/upstream/nuked-md/68k.v Line: 575
Warning (10030): Net "ncode.data_a" at 68k.v(576) has no driver or initial value, using a default initial value '0' File: C:/Users/Profe/Downloads/PAPRIUM project/paprium-pocket/rtl/upstream/nuked-md/68k.v Line: 576
Warning (10030): Net "ncode.waddr_a" at 68k.v(576) has no driver or initial value, using a default initial value '0' File: C:/Users/Profe/Downloads/PAPRIUM project/paprium-pocket/rtl/upstream/nuked-md/68k.v Line: 576
Warning (10030): Net "ucode.we_a" at 68k.v(575) has no driver or initial value, using a default initial value '0' File: C:/Users/Profe/Downloads/PAPRIUM project/paprium-pocket/rtl/upstream/nuked-md/68k.v Line: 575
Warning (10030): Net "ncode.we_a" at 68k.v(576) has no driver or initial value, using a default initial value '0' File: C:/Users/Profe/Downloads/PAPRIUM project/paprium-pocket/rtl/upstream/nuked-md/68k.v Line: 576
Info (12128): Elaborating entity "z80cpu" for hierarchy "core_top:ic|md_board:md_board|z80cpu:z80" File: C:/Users/Profe/Downloads/PAPRIUM project/paprium-pocket/rtl/upstream/nuked-md/md_board.v Line: 618
Info (10008): Verilog HDL or VHDL information: EDA Netlist Writer cannot regroup multidimensional array "regs" into its bus
Info (10008): Verilog HDL or VHDL information: EDA Netlist Writer cannot regroup multidimensional array "regs2" into its bus
Info (12128): Elaborating entity "z80_rs_trig_nor" for hierarchy "core_top:ic|md_board:md_board|z80cpu:z80|z80_rs_trig_nor:rs1" File: C:/Users/Profe/Downloads/PAPRIUM project/paprium-pocket/rtl/upstream/nuked-md/z80.v Line: 705
Info (12128): Elaborating entity "z80_dlatch" for hierarchy "core_top:ic|md_board:md_board|z80cpu:z80|z80_dlatch:dl1" File: C:/Users/Profe/Downloads/PAPRIUM project/paprium-pocket/rtl/upstream/nuked-md/z80.v Line: 713
Info (12128): Elaborating entity "z80_rs_trig_nand" for hierarchy "core_top:ic|md_board:md_board|z80cpu:z80|z80_rs_trig_nand:rs4" File: C:/Users/Profe/Downloads/PAPRIUM project/paprium-pocket/rtl/upstream/nuked-md/z80.v Line: 735
Info (12128): Elaborating entity "vram" for hierarchy "core_top:ic|md_board:md_board|vram:vram1" File: C:/Users/Profe/Downloads/PAPRIUM project/paprium-pocket/rtl/upstream/nuked-md/md_board.v Line: 645
Info (12128): Elaborating entity "vram_ip" for hierarchy "core_top:ic|md_board:md_board|vram:vram1|vram_ip:l2[0].mem" File: C:/Users/Profe/Downloads/PAPRIUM project/paprium-pocket/rtl/upstream/nuked-md/vram.v Line: 56
Info (12128): Elaborating entity "spram" for hierarchy "core_top:ic|md_board:md_board|vram:vram1|vram_ip:l2[0].mem|spram:ram" File: C:/Users/Profe/Downloads/PAPRIUM project/paprium-pocket/rtl/upstream/ram_md.v Line: 20
Info (12128): Elaborating entity "spram_sz" for hierarchy "core_top:ic|md_board:md_board|vram:vram1|vram_ip:l2[0].mem|spram:ram|spram_sz:spram_sz" File: C:/Users/Profe/Downloads/PAPRIUM project/paprium-pocket/rtl/upstream/bram.vhd Line: 34
Info (12128): Elaborating entity "altsyncram" for hierarchy "core_top:ic|md_board:md_board|vram:vram1|vram_ip:l2[0].mem|spram:ram|spram_sz:spram_sz|altsyncram:altsyncram_component" File: C:/Users/Profe/Downloads/PAPRIUM project/paprium-pocket/rtl/upstream/bram.vhd Line: 76
Info (12130): Elaborated megafunction instantiation "core_top:ic|md_board:md_board|vram:vram1|vram_ip:l2[0].mem|spram:ram|spram_sz:spram_sz|altsyncram:altsyncram_component" File: C:/Users/Profe/Downloads/PAPRIUM project/paprium-pocket/rtl/upstream/bram.vhd Line: 76
Info (12133): Instantiated megafunction "core_top:ic|md_board:md_board|vram:vram1|vram_ip:l2[0].mem|spram:ram|spram_sz:spram_sz|altsyncram:altsyncram_component" with the following parameter: File: C:/Users/Profe/Downloads/PAPRIUM project/paprium-pocket/rtl/upstream/bram.vhd Line: 76
    Info (12134): Parameter "address_aclr_a" = "UNUSED"
    Info (12134): Parameter "address_aclr_b" = "NONE"
    Info (12134): Parameter "address_reg_b" = "CLOCK1"
    Info (12134): Parameter "byte_size" = "8"
    Info (12134): Parameter "byteena_aclr_a" = "UNUSED"
    Info (12134): Parameter "byteena_aclr_b" = "NONE"
    Info (12134): Parameter "byteena_reg_b" = "CLOCK1"
    Info (12134): Parameter "clock_enable_core_a" = "USE_INPUT_CLKEN"
    Info (12134): Parameter "clock_enable_core_b" = "USE_INPUT_CLKEN"
    Info (12134): Parameter "clock_enable_input_a" = "BYPASS"
    Info (12134): Parameter "clock_enable_input_b" = "NORMAL"
    Info (12134): Parameter "clock_enable_output_a" = "BYPASS"
    Info (12134): Parameter "clock_enable_output_b" = "NORMAL"
    Info (12134): Parameter "intended_device_family" = "Cyclone V"
    Info (12134): Parameter "ecc_pipeline_stage_enabled" = "FALSE"
    Info (12134): Parameter "enable_ecc" = "FALSE"
    Info (12134): Parameter "implement_in_les" = "OFF"
    Info (12134): Parameter "indata_aclr_a" = "UNUSED"
    Info (12134): Parameter "indata_aclr_b" = "NONE"
    Info (12134): Parameter "indata_reg_b" = "CLOCK1"
    Info (12134): Parameter "init_file" = " "
    Info (12134): Parameter "init_file_layout" = "PORT_A"
    Info (12134): Parameter "maximum_depth" = "0"
    Info (12134): Parameter "numwords_a" = "256"
    Info (12134): Parameter "numwords_b" = "0"
    Info (12134): Parameter "operation_mode" = "SINGLE_PORT"
    Info (12134): Parameter "outdata_aclr_a" = "NONE"
    Info (12134): Parameter "outdata_aclr_b" = "NONE"
    Info (12134): Parameter "outdata_reg_a" = "UNREGISTERED"
    Info (12134): Parameter "outdata_reg_b" = "UNREGISTERED"
    Info (12134): Parameter "power_up_uninitialized" = "FALSE"
    Info (12134): Parameter "ram_block_type" = "AUTO"
    Info (12134): Parameter "rdcontrol_aclr_b" = "NONE"
    Info (12134): Parameter "rdcontrol_reg_b" = "CLOCK1"
    Info (12134): Parameter "read_during_write_mode_mixed_ports" = "DONT_CARE"
    Info (12134): Parameter "read_during_write_mode_port_a" = "NEW_DATA_NO_NBE_READ"
    Info (12134): Parameter "read_during_write_mode_port_b" = "NEW_DATA_NO_NBE_READ"
    Info (12134): Parameter "stratixiv_m144k_allow_dual_clocks" = "ON"
    Info (12134): Parameter "width_a" = "256"
    Info (12134): Parameter "width_b" = "1"
    Info (12134): Parameter "width_byteena_a" = "32"
    Info (12134): Parameter "width_byteena_b" = "1"
    Info (12134): Parameter "width_eccstatus" = "3"
    Info (12134): Parameter "widthad_a" = "8"
    Info (12134): Parameter "widthad_b" = "1"
    Info (12134): Parameter "wrcontrol_aclr_a" = "UNUSED"
    Info (12134): Parameter "wrcontrol_aclr_b" = "NONE"
    Info (12134): Parameter "wrcontrol_wraddress_reg_b" = "CLOCK1"
    Info (12134): Parameter "lpm_hint" = "ENABLE_RUNTIME_MOD=NO,INSTANCE_NAME=MEM"
    Info (12134): Parameter "lpm_type" = "altsyncram"
Info (12021): Found 1 design units, including 1 entities, in source file db/altsyncram_6234.tdf
    Info (12023): Found entity 1: altsyncram_6234 File: C:/Users/Profe/Downloads/PAPRIUM project/paprium-pocket/projects/db/altsyncram_6234.tdf Line: 28
Info (12128): Elaborating entity "altsyncram_6234" for hierarchy "core_top:ic|md_board:md_board|vram:vram1|vram_ip:l2[0].mem|spram:ram|spram_sz:spram_sz|altsyncram:altsyncram_component|altsyncram_6234:auto_generated" File: c:/intelfpga_lite/21.1/quartus/libraries/megafunctions/altsyncram.tdf Line: 792
Info (12128): Elaborating entity "video_cond" for hierarchy "core_top:ic|video_cond:video_cond" File: C:/Users/Profe/Downloads/PAPRIUM project/paprium-pocket/target/pocket/core_top.sv Line: 1671
Info (12128): Elaborating entity "video_cleaner" for hierarchy "core_top:ic|video_cond:video_cond|video_cleaner:cleaner" File: C:/Users/Profe/Downloads/PAPRIUM project/paprium-pocket/rtl/upstream/video_cond.sv Line: 193
Info (12128): Elaborating entity "s_fix" for hierarchy "core_top:ic|video_cond:video_cond|video_cleaner:cleaner|s_fix:sync_v" File: C:/Users/Profe/Downloads/PAPRIUM project/paprium-pocket/target/pocket/video_cleaner.sv Line: 53
Info (12128): Elaborating entity "cofi" for hierarchy "core_top:ic|video_cond:video_cond|cofi:coffee" File: C:/Users/Profe/Downloads/PAPRIUM project/paprium-pocket/rtl/upstream/video_cond.sv Line: 219
Info (12128): Elaborating entity "scanline_filler" for hierarchy "core_top:ic|scanline_filler:scanline_filler" File: C:/Users/Profe/Downloads/PAPRIUM project/paprium-pocket/target/pocket/core_top.sv Line: 1732
Warning (10036): Verilog HDL or VHDL warning at scanline_filler.sv(37): object "drawing_line" assigned a value but never read File: C:/Users/Profe/Downloads/PAPRIUM project/paprium-pocket/rtl/scanline_filler.sv Line: 37
Warning (10230): Verilog HDL assignment warning at scanline_filler.sv(86): truncated value with size 32 to match size of target (9) File: C:/Users/Profe/Downloads/PAPRIUM project/paprium-pocket/rtl/scanline_filler.sv Line: 86
Warning (10230): Verilog HDL assignment warning at scanline_filler.sv(89): truncated value with size 32 to match size of target (9) File: C:/Users/Profe/Downloads/PAPRIUM project/paprium-pocket/rtl/scanline_filler.sv Line: 89
Warning (10230): Verilog HDL assignment warning at scanline_filler.sv(96): truncated value with size 32 to match size of target (3) File: C:/Users/Profe/Downloads/PAPRIUM project/paprium-pocket/rtl/scanline_filler.sv Line: 96
Info (12128): Elaborating entity "audio_cond" for hierarchy "core_top:ic|audio_cond:audio_cond" File: C:/Users/Profe/Downloads/PAPRIUM project/paprium-pocket/target/pocket/core_top.sv Line: 1801
Info (12128): Elaborating entity "genesis_fm_lpf" for hierarchy "core_top:ic|audio_cond:audio_cond|genesis_fm_lpf:fm_lpf_l" File: C:/Users/Profe/Downloads/PAPRIUM project/paprium-pocket/rtl/upstream/audio_cond.sv Line: 85
Info (12128): Elaborating entity "iir_2nd_order" for hierarchy "core_top:ic|audio_cond:audio_cond|genesis_fm_lpf:fm_lpf_l|iir_2nd_order:fm2" File: C:/Users/Profe/Downloads/PAPRIUM project/paprium-pocket/rtl/upstream/genesis_lpf.v Line: 101
Info (12128): Elaborating entity "CEGen" for hierarchy "core_top:ic|audio_cond:audio_cond|CEGen:fltce" File: C:/Users/Profe/Downloads/PAPRIUM project/paprium-pocket/rtl/upstream/audio_cond.sv Line: 106
Info (12128): Elaborating entity "iir_filter" for hierarchy "core_top:ic|audio_cond:audio_cond|iir_filter:psg_iir" File: C:/Users/Profe/Downloads/PAPRIUM project/paprium-pocket/rtl/upstream/audio_cond.sv Line: 133
Info (12128): Elaborating entity "iir_filter_tap" for hierarchy "core_top:ic|audio_cond:audio_cond|iir_filter:psg_iir|iir_filter_tap:iir_tap_0" File: C:/Users/Profe/Downloads/PAPRIUM project/paprium-pocket/target/pocket/audio/filters/iir_filter.sv Line: 98
Info (12128): Elaborating entity "genesis_lpf" for hierarchy "core_top:ic|audio_cond:audio_cond|genesis_lpf:lpf_left" File: C:/Users/Profe/Downloads/PAPRIUM project/paprium-pocket/rtl/upstream/audio_cond.sv Line: 160
Info (12128): Elaborating entity "iir_1st_order" for hierarchy "core_top:ic|audio_cond:audio_cond|genesis_lpf:lpf_left|iir_1st_order:lpf6db" File: C:/Users/Profe/Downloads/PAPRIUM project/paprium-pocket/rtl/upstream/genesis_lpf.v Line: 76
Info (12128): Elaborating entity "audio_mixer" for hierarchy "core_top:ic|audio_mixer:audio_mixer" File: C:/Users/Profe/Downloads/PAPRIUM project/paprium-pocket/target/pocket/core_top.sv Line: 1867
Info (12128): Elaborating entity "mf_audio_pll" for hierarchy "core_top:ic|audio_mixer:audio_mixer|mf_audio_pll:audio_pll" File: C:/Users/Profe/Downloads/PAPRIUM project/paprium-pocket/target/pocket/audio/audio_mixer.sv Line: 71
Info (12128): Elaborating entity "mf_audio_pll_0002" for hierarchy "core_top:ic|audio_mixer:audio_mixer|mf_audio_pll:audio_pll|mf_audio_pll_0002:mf_audio_pll_inst" File: C:/Users/Profe/Downloads/PAPRIUM project/paprium-pocket/target/pocket/mf_audio_pll.v Line: 22
Info (12128): Elaborating entity "altera_pll" for hierarchy "core_top:ic|audio_mixer:audio_mixer|mf_audio_pll:audio_pll|mf_audio_pll_0002:mf_audio_pll_inst|altera_pll:altera_pll_i" File: C:/Users/Profe/Downloads/PAPRIUM project/paprium-pocket/target/pocket/mf_audio_pll/mf_audio_pll_0002.v Line: 88
Info (10008): Verilog HDL or VHDL information: EDA Netlist Writer cannot regroup multidimensional array "wire_to_nowhere_64" into its bus
Info (12130): Elaborated megafunction instantiation "core_top:ic|audio_mixer:audio_mixer|mf_audio_pll:audio_pll|mf_audio_pll_0002:mf_audio_pll_inst|altera_pll:altera_pll_i" File: C:/Users/Profe/Downloads/PAPRIUM project/paprium-pocket/target/pocket/mf_audio_pll/mf_audio_pll_0002.v Line: 88
Info (12133): Instantiated megafunction "core_top:ic|audio_mixer:audio_mixer|mf_audio_pll:audio_pll|mf_audio_pll_0002:mf_audio_pll_inst|altera_pll:altera_pll_i" with the following parameter: File: C:/Users/Profe/Downloads/PAPRIUM project/paprium-pocket/target/pocket/mf_audio_pll/mf_audio_pll_0002.v Line: 88
    Info (12134): Parameter "fractional_vco_multiplier" = "true"
    Info (12134): Parameter "reference_clock_frequency" = "74.25 MHz"
    Info (12134): Parameter "operation_mode" = "direct"
    Info (12134): Parameter "number_of_clocks" = "2"
    Info (12134): Parameter "output_clock_frequency0" = "12.288000 MHz"
    Info (12134): Parameter "phase_shift0" = "0 ps"
    Info (12134): Parameter "duty_cycle0" = "50"
    Info (12134): Parameter "output_clock_frequency1" = "3.072000 MHz"
    Info (12134): Parameter "phase_shift1" = "0 ps"
    Info (12134): Parameter "duty_cycle1" = "50"
    Info (12134): Parameter "output_clock_frequency2" = "0 MHz"
    Info (12134): Parameter "phase_shift2" = "0 ps"
    Info (12134): Parameter "duty_cycle2" = "50"
    Info (12134): Parameter "output_clock_frequency3" = "0 MHz"
    Info (12134): Parameter "phase_shift3" = "0 ps"
    Info (12134): Parameter "duty_cycle3" = "50"
    Info (12134): Parameter "output_clock_frequency4" = "0 MHz"
    Info (12134): Parameter "phase_shift4" = "0 ps"
    Info (12134): Parameter "duty_cycle4" = "50"
    Info (12134): Parameter "output_clock_frequency5" = "0 MHz"
    Info (12134): Parameter "phase_shift5" = "0 ps"
    Info (12134): Parameter "duty_cycle5" = "50"
    Info (12134): Parameter "output_clock_frequency6" = "0 MHz"
    Info (12134): Parameter "phase_shift6" = "0 ps"
    Info (12134): Parameter "duty_cycle6" = "50"
    Info (12134): Parameter "output_clock_frequency7" = "0 MHz"
    Info (12134): Parameter "phase_shift7" = "0 ps"
    Info (12134): Parameter "duty_cycle7" = "50"
    Info (12134): Parameter "output_clock_frequency8" = "0 MHz"
    Info (12134): Parameter "phase_shift8" = "0 ps"
    Info (12134): Parameter "duty_cycle8" = "50"
    Info (12134): Parameter "output_clock_frequency9" = "0 MHz"
    Info (12134): Parameter "phase_shift9" = "0 ps"
    Info (12134): Parameter "duty_cycle9" = "50"
    Info (12134): Parameter "output_clock_frequency10" = "0 MHz"
    Info (12134): Parameter "phase_shift10" = "0 ps"
    Info (12134): Parameter "duty_cycle10" = "50"
    Info (12134): Parameter "output_clock_frequency11" = "0 MHz"
    Info (12134): Parameter "phase_shift11" = "0 ps"
    Info (12134): Parameter "duty_cycle11" = "50"
    Info (12134): Parameter "output_clock_frequency12" = "0 MHz"
    Info (12134): Parameter "phase_shift12" = "0 ps"
    Info (12134): Parameter "duty_cycle12" = "50"
    Info (12134): Parameter "output_clock_frequency13" = "0 MHz"
    Info (12134): Parameter "phase_shift13" = "0 ps"
    Info (12134): Parameter "duty_cycle13" = "50"
    Info (12134): Parameter "output_clock_frequency14" = "0 MHz"
    Info (12134): Parameter "phase_shift14" = "0 ps"
    Info (12134): Parameter "duty_cycle14" = "50"
    Info (12134): Parameter "output_clock_frequency15" = "0 MHz"
    Info (12134): Parameter "phase_shift15" = "0 ps"
    Info (12134): Parameter "duty_cycle15" = "50"
    Info (12134): Parameter "output_clock_frequency16" = "0 MHz"
    Info (12134): Parameter "phase_shift16" = "0 ps"
    Info (12134): Parameter "duty_cycle16" = "50"
    Info (12134): Parameter "output_clock_frequency17" = "0 MHz"
    Info (12134): Parameter "phase_shift17" = "0 ps"
    Info (12134): Parameter "duty_cycle17" = "50"
    Info (12134): Parameter "pll_type" = "General"
    Info (12134): Parameter "pll_subtype" = "General"
Info (12128): Elaborating entity "sync_fifo" for hierarchy "core_top:ic|audio_mixer:audio_mixer|sync_fifo:sync_fifo" File: C:/Users/Profe/Downloads/PAPRIUM project/paprium-pocket/target/pocket/audio/audio_mixer.sv Line: 129
Info (10264): Verilog HDL Case Statement information at sync_fifo.sv(83): all case item expressions in this case statement are onehot File: C:/Users/Profe/Downloads/PAPRIUM project/paprium-pocket/target/pocket/sync_fifo.sv Line: 83
Info (12128): Elaborating entity "dcfifo" for hierarchy "core_top:ic|audio_mixer:audio_mixer|sync_fifo:sync_fifo|dcfifo:dcfifo_component" File: C:/Users/Profe/Downloads/PAPRIUM project/paprium-pocket/target/pocket/sync_fifo.sv Line: 61
Info (12130): Elaborated megafunction instantiation "core_top:ic|audio_mixer:audio_mixer|sync_fifo:sync_fifo|dcfifo:dcfifo_component" File: C:/Users/Profe/Downloads/PAPRIUM project/paprium-pocket/target/pocket/sync_fifo.sv Line: 61
Info (12133): Instantiated megafunction "core_top:ic|audio_mixer:audio_mixer|sync_fifo:sync_fifo|dcfifo:dcfifo_component" with the following parameter: File: C:/Users/Profe/Downloads/PAPRIUM project/paprium-pocket/target/pocket/sync_fifo.sv Line: 61
    Info (12134): Parameter "intended_device_family" = "Cyclone V"
    Info (12134): Parameter "lpm_numwords" = "4"
    Info (12134): Parameter "lpm_showahead" = "OFF"
    Info (12134): Parameter "lpm_type" = "dcfifo"
    Info (12134): Parameter "lpm_width" = "32"
    Info (12134): Parameter "lpm_widthu" = "2"
    Info (12134): Parameter "overflow_checking" = "ON"
    Info (12134): Parameter "rdsync_delaypipe" = "5"
    Info (12134): Parameter "underflow_checking" = "ON"
    Info (12134): Parameter "use_eab" = "ON"
    Info (12134): Parameter "wrsync_delaypipe" = "5"
Info (12021): Found 1 design units, including 1 entities, in source file db/dcfifo_vqk1.tdf
    Info (12023): Found entity 1: dcfifo_vqk1 File: C:/Users/Profe/Downloads/PAPRIUM project/paprium-pocket/projects/db/dcfifo_vqk1.tdf Line: 41
Info (12128): Elaborating entity "dcfifo_vqk1" for hierarchy "core_top:ic|audio_mixer:audio_mixer|sync_fifo:sync_fifo|dcfifo:dcfifo_component|dcfifo_vqk1:auto_generated" File: c:/intelfpga_lite/21.1/quartus/libraries/megafunctions/dcfifo.tdf Line: 191
Info (12021): Found 1 design units, including 1 entities, in source file db/altsyncram_2ia1.tdf
    Info (12023): Found entity 1: altsyncram_2ia1 File: C:/Users/Profe/Downloads/PAPRIUM project/paprium-pocket/projects/db/altsyncram_2ia1.tdf Line: 28
Info (12128): Elaborating entity "altsyncram_2ia1" for hierarchy "core_top:ic|audio_mixer:audio_mixer|sync_fifo:sync_fifo|dcfifo:dcfifo_component|dcfifo_vqk1:auto_generated|altsyncram_2ia1:fifo_ram" File: C:/Users/Profe/Downloads/PAPRIUM project/paprium-pocket/projects/db/dcfifo_vqk1.tdf Line: 54
Info (12021): Found 1 design units, including 1 entities, in source file db/alt_synch_pipe_f9l.tdf
    Info (12023): Found entity 1: alt_synch_pipe_f9l File: C:/Users/